TEI,TWEI,TEO,TWEO,TCI,TWCI,TCO,TWCO,TSI,TSO,TBI,TBO,Cond Tons,Cooling Tons,Shared Cond Tons,Cond Energy Balance,Evap Tons,Shared Evap Tons,Building Tons,Evap Energy Balance,kW,COP,kW/Ton,FWC,FWE,TEA,TCA,TRE,PRE,TRC,PRC,TRC_sub,T_suc,Tsh_suc,TR_dis,Tsh_dis,P_lift,Amps,RLA%,Heat Balance (kW),Heat Balance%,Tolerance%,Unit Status,Active Fault,TO_sump,TO_feed,PO_feed,PO_net,TWCD,TWED,VSS,VSL,VH,VM,VC,VE,VW,TWI,TWO,THI,THO,FWW,FWH,FWB,fault type
51.43,51.4,40.36,40.1,70.75,70.4,81.35,81.0,79.03,70.6,51.16,51.64,117.3,25.66,93.25,-1.639,99.1,96.69,4.31,1.893,80.14,4.348,0.8087,265.5,214.9,5.0,7.0,35.1,30.6,88.0,100.8,9.3,35.7,0.7,108.2,20.0,69.7,95,91,16.25,3.942,5.533,20,0,109.4,106.3,159.3,126.7,10.6,11.4,50.0,0.0,100,85.0,57.0,56,56.0,60.32,67.21,53.74,52.78,89.38,103.4,-9.78,F1
54.33,55.8,46.5,46.8,72.88,70.4,80.58,79.1,78.99,70.24,54.39,54.87,85.29,17.55,97.06,-29.32,70.25,70.76,4.316,4.832,60.3,4.096,0.8583,266.0,215.2,7.3,5.2,39.5,34.6,84.3,94.3,6.5,43.8,4.4,115.1,30.8,60.3,70,67,7.421,2.475,7.715,20,0,117.1,112.4,158.8,123.3,8.8,9.0,75.0,30.0,100,90.0,57.0,56,68.2,55.57,67.37,59.84,56.1,35.67,27.67,72.06,F1
55.56,55.3,51.99,51.6,86.19,86.1,89.83,89.6,88.17,63.19,55.46,55.61,40.57,18.55,278.2,-256.2,31.89,30.94,1.371,0.4242,44.86,2.499,1.407,267.4,214.0,7.4,2.4,44.3,39.5,92.0,108.2,5.7,50.6,6.5,144.3,52.0,69.4,52,50,14.33,10.05,9.553,20,0,118.5,112.2,164.2,122.2,3.5,3.6,30.0,0.0,100,5.0,49.0,56,24.0,58.1,79.04,55.83,55.89,21.27,32.9,237.6,F1
53.02,53.2,44.25,44.1,65.88,65.8,74.15,73.9,71.79,65.77,51.98,53.15,92.37,26.37,67.19,-1.199,78.98,69.55,10.6,1.165,57.44,4.835,0.7272,268.1,216.0,7.6,5.6,36.5,31.9,79.5,85.9,8.1,41.0,4.3,104.7,25.2,53.5,66,63,10.38,3.196,8.116,20,0,110.1,107.1,156.3,123.6,8.1,9.1,90.0,30.0,100,90.0,57.0,56,64.83,54.75,59.71,60.7,57.0,127.5,68.68,-9.419,F1
59.04,60.5,51.41,51.6,74.56,73.1,82.38,81.3,80.34,73.02,59.02,59.62,86.79,22.58,81.32,-17.1,68.21,68.0,5.401,5.184,60.87,3.94,0.8924,266.4,214.5,9.8,5.6,41.8,36.9,86.9,98.8,8.0,48.3,6.3,120.2,33.3,61.6,70,67,-4.455,-1.46,7.715,20,0,120.7,115.3,160.8,122.6,8.2,8.9,61.01,20.67,100,100.0,57.0,56,38.13,57.98,68.8,63.65,61.18,50.07,52.38,43.65,F1
49.38,49.0,45.31,44.9,86.19,86.1,90.4,90.1,88.49,58.65,49.11,49.43,47.25,21.42,334.6,-308.7,36.49,34.07,2.848,0.4262,49.57,2.588,1.359,269.0,215.3,4.8,2.4,40.1,35.1,92.5,109.2,4.7,44.1,4.0,137.1,44.6,74.9,57,55,11.73,7.06,8.971,20,0,115.7,109.8,161.8,125.7,4.0,4.2,30.0,0.0,100,5.0,49.0,56,26.0,55.48,78.42,50.14,50.08,22.41,68.35,241.6,F1
51.39,52.0,43.39,43.4,66.78,66.8,74.15,74.6,73.34,66.71,51.48,51.68,81.36,8.892,73.2,-0.7329,71.43,72.31,1.739,2.619,54.14,4.638,0.758,265.0,214.3,6.9,4.9,36.7,32.1,79.8,86.4,8.3,40.7,4.0,104.9,24.9,53.7,63,60,19.22,6.72,8.428,20,0,109.8,106.9,157.8,124.4,7.6,8.4,0.0,0.0,100,100.0,56.0,56,30.0,60.56,68.07,51.86,51.76,28.44,41.73,3.234,F1
52.16,52.2,41.5,41.0,70.55,70.4,80.82,80.8,78.58,70.52,51.85,52.38,113.4,24.71,88.99,-0.2806,95.89,93.09,4.698,1.901,76.38,4.414,0.7965,264.9,215.9,5.6,6.6,35.4,30.9,87.4,99.8,9.3,38.4,3.1,108.2,20.8,68.9,90,86,14.75,3.699,5.964,20,0,110.7,107.3,158.3,127.9,10.4,11.2,45.0,0.0,100,85.0,57.0,56,56.0,60.27,67.41,54.6,53.56,83.09,108.3,-12.21,F1
49.91,50.0,40.19,40.1,66.62,66.4,75.79,75.7,73.79,66.55,49.52,50.08,102.3,22.24,80.84,-0.7408,87.03,83.52,5.044,1.526,63.6,4.812,0.7307,267.9,214.9,4.6,5.8,35.3,30.8,81.5,89.4,8.5,37.7,2.6,102.8,21.3,58.3,74,71,9.772,2.716,7.328,20,0,108.4,105.9,155.8,124.7,9.2,10.1,50.0,0.0,100,90.0,57.0,56,83.0,60.64,64.05,53.25,51.76,156.5,81.14,-8.86,F1
53.15,53.2,50.39,50.4,75.91,76.0,78.73,78.6,77.56,59.02,53.0,53.36,31.4,13.05,206.2,-187.9,24.7,23.38,3.211,1.893,35.49,2.447,1.437,266.9,214.9,7.1,1.7,43.3,38.5,80.4,87.4,3.6,49.8,6.5,144.3,64.3,49.1,42,40,11.95,10.82,10.89,20,0,120.7,114.7,159.8,120.3,2.7,2.8,45.0,0.0,100,10.0,47.0,56,26.08,58.02,70.4,54.81,54.09,25.31,77.06,236.6,F1
51.39,51.6,45.15,45.3,65.8,65.3,71.73,70.9,70.27,62.82,51.16,51.6,66.8,16.44,83.83,-33.47,55.84,53.79,3.942,1.892,43.82,4.48,0.7848,270.1,214.8,7.1,3.8,38.2,33.4,74.7,78.4,5.2,43.0,4.8,107.7,32.8,45.0,50,48,5.272,2.244,9.8,20,0,109.4,106.5,155.3,119.3,5.6,6.1,45.0,0.0,100,55.0,49.0,56,47.0,54.99,61.15,53.33,52.58,64.11,94.6,96.81,F1
54.09,54.1,50.76,50.6,85.66,85.4,89.01,88.9,87.67,61.64,53.9,54.22,37.47,14.94,290.8,-268.2,29.96,28.27,2.856,1.164,43.09,2.445,1.438,268.0,215.8,6.7,2.6,44.1,39.3,91.5,107.2,5.2,49.8,5.7,147.6,56.1,67.4,49,47,16.66,12.65,9.926,20,0,120.7,113.8,163.8,123.2,3.3,3.3,35.0,0.0,100,5.0,49.0,56,20.0,58.1,80.35,55.3,54.83,16.11,68.54,242.0,F1
56.5,56.6,50.43,50.6,65.84,65.6,71.45,71.2,70.11,65.69,56.28,56.67,61.93,14.77,48.79,-1.638,54.52,52.47,3.585,1.53,42.98,4.46,0.7883,265.0,215.4,9.8,3.5,40.8,35.8,74.7,78.4,6.0,47.8,7.2,112.0,37.0,42.8,50,48,16.95,7.787,9.8,20,0,111.6,108.2,155.8,119.5,5.6,6.0,45.0,0.0,100,80.0,56.0,56,50.0,55.93,62.09,58.41,57.66,57.61,86.05,-19.97,F1
48.48,48.7,45.64,45.6,75.09,75.0,78.04,77.9,76.99,55.78,48.5,48.73,32.7,11.67,235.4,-214.3,25.36,25.51,2.105,2.253,36.22,2.462,1.428,266.4,214.3,5.0,1.9,40.4,35.4,79.8,86.4,3.7,45.4,4.8,138.7,58.6,50.6,42,40,10.43,9.071,10.89,20,0,117.4,112.0,157.8,121.4,2.9,3.3,15.0,0.0,100,10.0,48.0,56,22.0,55.4,70.52,48.87,48.89,18.52,50.52,237.5,F1
46.39,46.4,39.78,39.6,71.2,70.9,77.51,77.5,76.05,61.06,46.24,46.56,69.92,16.2,166.2,-112.5,58.63,57.33,2.818,1.512,51.91,3.971,0.8853,266.2,213.0,4.4,3.8,35.4,30.9,81.3,88.9,5.9,38.4,3.1,109.6,28.3,58.1,59,57,12.22,4.97,8.75,20,0,108.0,104.9,157.8,125.7,6.6,6.6,35.0,0.0,100,33.0,48.0,56,48.98,60.32,67.45,47.97,47.42,54.48,67.64,174.4,F1
51.84,52.0,44.9,44.8,75.99,76.0,82.75,82.5,80.47,64.34,50.91,52.09,75.55,25.5,180.4,-130.4,62.38,54.06,10.59,2.27,55.82,3.93,0.8947,268.5,215.9,5.9,4.4,38.9,34.0,86.9,98.8,7.3,42.7,3.8,115.3,28.4,65.3,65,62,9.515,3.582,8.219,20,0,111.6,107.1,158.8,127.1,6.5,7.2,75.0,0.0,100,30.0,48.0,56,46.0,55.12,67.86,59.88,56.02,48.01,65.75,188.0,F1
55.11,55.3,46.17,45.9,75.83,77.1,83.53,85.3,82.19,70.48,54.43,55.36,87.38,15.19,132.9,-60.73,80.19,74.1,8.358,2.263,67.86,4.155,0.8462,272.5,215.3,5.9,5.9,40.0,35.0,91.2,106.7,10.4,43.4,3.6,111.8,20.4,71.4,79,76,42.56,13.85,6.86,20,0,113.3,109.6,159.8,124.7,7.8,9.4,70.0,30.0,100,45.17,50.42,56,17.0,55.32,75.15,61.93,58.6,18.38,60.16,120.6,F1
54.66,54.7,45.8,45.6,84.1,84.2,92.57,92.5,90.5,72.45,54.39,54.83,94.61,23.16,201.6,-130.1,79.56,77.13,3.956,1.531,76.31,3.666,0.9592,268.0,215.5,6.6,4.5,39.5,34.6,97.0,118.1,8.1,42.9,3.7,122.7,25.5,83.8,90,86,23.4,7.034,5.964,20,0,114.0,109.2,161.3,125.8,8.3,8.9,50.0,0.0,100,35.0,49.0,56,25.0,55.48,78.88,56.77,55.85,23.76,94.93,165.4,F1
52.0,52.2,45.07,44.9,76.07,76.0,82.79,82.7,80.55,64.42,51.03,52.25,74.75,24.92,179.6,-129.8,62.26,53.59,10.94,2.265,55.9,3.916,0.8979,267.2,215.5,6.0,4.2,38.9,34.0,86.9,98.8,6.9,42.7,3.8,115.6,28.4,64.3,65,62,11.98,4.559,8.219,20,0,111.3,107.3,160.8,126.1,6.7,7.3,75.0,0.0,100,30.0,48.0,56,46.0,55.12,67.78,60.01,56.18,47.24,68.62,187.5,F1
49.01,48.3,45.39,44.9,76.24,76.2,80.0,79.7,78.17,56.44,48.74,48.98,41.86,20.34,241.7,-220.2,32.45,30.03,2.114,-0.3074,40.23,2.836,1.24,266.9,215.3,5.1,2.1,39.8,34.8,81.8,89.9,3.7,44.4,4.8,130.7,49.1,55.3,47,45,7.122,4.839,10.19,20,0,112.2,107.5,157.8,122.2,3.5,3.4,20.0,0.0,100,10.0,48.0,56,35.0,55.12,67.94,49.44,49.55,38.05,50.74,233.7,F1
49.5,49.6,40.52,40.4,80.58,80.5,89.22,88.9,87.14,68.56,49.31,49.71,95.82,23.01,206.2,-133.4,80.21,78.53,3.567,1.887,76.49,3.687,0.9536,266.2,214.3,4.4,5.4,35.8,31.3,94.3,112.7,7.8,38.4,2.6,117.8,23.5,81.6,90,86,21.61,6.413,5.964,20,0,111.8,107.5,163.8,131.7,8.4,9.4,45.0,0.0,100,36.0,49.0,56,34.99,59.66,75.27,51.33,50.65,35.38,85.61,164.8,F1
43.52,43.4,40.28,40.2,71.2,70.9,74.6,74.6,73.51,52.59,43.46,43.74,38.1,12.25,234.7,-208.8,28.97,28.39,2.466,1.884,37.4,2.724,1.291,269.2,214.0,2.9,1.7,37.2,32.5,76.3,80.9,3.6,40.1,2.7,125.5,48.9,48.9,43,41,5.29,3.949,10.74,20,0,110.9,106.3,156.3,122.3,3.5,3.3,25.0,0.0,100,15.0,48.0,56,41.16,60.32,67.16,43.96,43.98,42.92,59.18,236.6,F1
56.38,56.6,52.64,52.8,85.04,85.1,88.85,88.7,87.59,65.12,56.4,56.59,42.55,14.04,251.3,-222.8,33.58,33.73,1.748,1.897,44.73,2.64,1.332,268.3,215.4,8.7,2.5,44.0,39.2,91.5,107.2,5.7,50.9,6.6,142.0,50.5,67.5,51,49,13.18,8.807,9.675,20,0,117.8,111.6,163.8,123.3,3.8,3.9,0.0,0.0,100,15.0,49.0,56,18.21,58.06,81.66,56.81,56.8,14.28,41.95,232.3,F1
48.85,48.8,45.31,45.1,85.25,84.9,88.89,88.7,87.55,57.99,48.74,48.98,40.62,14.92,329.6,-303.9,31.59,30.64,2.106,1.157,45.27,2.454,1.433,267.7,214.4,4.5,2.3,40.8,35.8,91.0,106.2,4.7,44.8,4.0,141.0,49.7,70.9,52,50,13.52,9.468,9.553,20,0,118.8,111.8,159.3,122.4,3.8,3.5,30.0,0.0,100,5.0,49.0,56,19.0,55.73,79.65,49.61,49.43,14.96,50.54,242.8,F1
43.93,43.9,39.87,39.6,68.05,67.6,72.22,71.7,70.85,54.06,43.91,44.1,46.63,15.4,187.5,-156.2,36.49,36.27,1.747,1.528,39.22,3.271,1.075,268.1,215.3,2.9,2.7,36.9,32.2,74.4,78.0,3.7,39.2,2.3,114.7,40.5,46.2,45,43,3.576,2.181,10.46,20,0,107.7,104.7,129.2,120.3,4.1,4.3,25.0,0.0,100,22.0,47.0,56,73.0,60.6,63.32,44.45,44.47,136.2,41.92,216.2,F1
45.69,47.5,41.38,42.4,63.38,62.0,67.84,66.5,67.69,58.81,46.16,46.56,49.45,1.664,98.45,-50.66,38.58,42.76,3.572,7.749,38.16,3.555,0.9891,266.0,214.7,7.3,3.4,35.1,30.6,69.9,71.0,2.7,40.4,5.4,115.6,45.7,40.5,45,43,-0.04231,-0.02434,10.46,20,0,110.9,107.1,150.9,118.8,4.6,5.1,0.0,0.0,100,65.52,50.48,56,30.0,60.52,64.34,46.41,46.31,10.46,85.74,150.5,F1
56.42,56.6,50.39,50.3,65.76,65.4,71.36,71.2,70.03,65.65,56.23,56.63,62.54,14.92,48.82,-1.197,54.27,52.57,3.593,1.901,42.94,4.443,0.7914,267.7,215.9,9.7,3.5,40.6,35.6,74.7,78.4,5.8,48.0,7.6,112.0,37.3,43.0,50,48,13.85,6.301,9.8,20,0,111.6,108.0,157.3,120.6,5.6,6.2,50.0,0.0,100,80.0,56.0,56,50.0,55.73,61.92,58.37,57.61,57.8,86.23,-20.59,F1
60.23,60.3,50.84,50.4,74.07,74.4,83.12,83.3,80.8,73.96,59.59,60.32,99.34,25.48,75.04,-1.178,83.75,78.06,6.484,0.7895,66.67,4.417,0.796,263.5,214.0,8.7,6.4,41.6,36.7,89.9,104.2,10.2,47.2,5.7,115.6,25.7,67.6,78,75,11.84,3.39,6.952,20,0,119.9,114.7,160.8,123.4,9.1,10.0,67.11,21.41,100,100.0,57.0,56,38.28,58.02,70.07,64.84,62.45,50.75,65.04,-10.58,F1
49.05,48.5,44.94,44.6,86.19,85.8,90.36,89.9,88.49,58.4,48.82,49.02,46.86,20.99,337.8,-311.9,36.89,34.84,1.749,-0.3077,47.54,2.728,1.289,269.4,215.5,4.0,2.1,40.6,35.6,92.0,108.2,4.9,44.1,3.5,137.1,45.4,72.6,54,52,12.49,7.58,9.315,20,0,116.0,109.8,162.3,125.7,4.1,3.9,30.0,0.0,100,5.0,49.0,56,22.0,55.52,77.93,49.81,49.67,22.48,41.97,241.6,F1
46.23,46.4,39.66,39.6,71.16,70.9,77.38,77.5,75.92,60.94,46.08,46.44,69.17,16.24,166.6,-113.6,58.84,57.53,3.213,1.894,51.67,4.004,0.878,266.8,215.1,4.2,4.0,35.4,30.9,81.5,89.4,6.3,38.2,2.8,109.4,27.7,58.0,58,56,15.36,6.317,8.86,20,0,108.2,105.3,157.8,126.0,6.6,6.8,35.0,0.0,100,33.0,48.0,56,49.43,60.32,67.62,47.85,47.3,53.38,77.12,174.7,F1
48.36,48.8,41.87,41.7,61.25,61.4,67.31,68.1,66.34,60.57,48.41,48.61,66.87,10.7,63.68,-7.512,58.19,58.7,1.748,2.264,46.45,4.404,0.7983,264.9,215.4,5.5,4.4,36.0,31.4,72.5,75.0,7.2,39.9,3.9,106.3,34.1,43.6,54,52,15.93,6.777,9.315,20,0,113.1,109.6,127.0,94.8,6.5,7.3,0.0,0.0,100,86.21,53.79,56,30.0,56.38,62.01,48.71,48.69,45.67,41.95,20.71,F2
44.55,44.6,41.05,40.9,80.82,80.7,84.51,84.3,83.29,54.68,44.61,44.8,41.39,13.65,321.6,-293.8,31.41,31.93,1.75,2.267,43.61,2.532,1.389,269.7,215.7,3.2,2.0,37.7,33.0,86.3,97.8,4.4,40.5,2.8,132.9,47.2,64.9,51,49,8.524,5.858,9.675,20,0,117.6,112.2,130.5,96.7,3.6,3.7,15.0,0.0,100,8.0,49.0,56,23.0,60.64,76.09,45.02,45.08,21.21,42.0,242.9,F2
60.76,60.9,50.43,50.3,75.83,75.9,85.45,85.3,83.09,75.76,60.04,60.89,105.9,25.98,80.6,-0.7303,92.39,85.95,7.599,1.158,70.77,4.59,0.766,264.1,214.6,9.0,5.7,41.2,36.4,91.2,106.7,10.0,46.8,5.5,114.7,23.5,69.9,84,80,23.45,6.3,6.496,20,0,118.3,114.0,134.5,96.9,9.6,10.6,77.18,28.12,100,100.0,57.0,56,51.62,59.25,70.52,66.19,63.47,55.32,67.05,-17.53,F2
51.18,51.2,41.71,41.4,66.53,66.5,75.34,75.6,73.38,66.51,50.62,51.23,98.08,21.75,76.62,-0.2833,84.44,79.48,5.385,0.4235,62.87,4.722,0.7445,267.5,213.9,5.6,5.4,35.8,31.3,81.0,88.4,8.2,39.1,3.3,103.5,22.5,57.1,74,71,14.88,4.316,7.328,20,0,114.5,111.1,129.0,96.2,8.9,9.7,65.0,0.0,100,90.0,57.0,56,85.43,60.6,63.93,55.71,53.52,156.8,59.07,-9.982,F2
46.43,46.6,39.82,39.8,71.16,70.9,77.42,77.3,75.96,61.06,46.28,46.64,69.85,16.29,166.2,-112.6,59.23,57.91,3.214,1.895,51.28,4.061,0.8657,267.7,215.2,4.2,3.7,35.6,31.1,81.0,88.4,6.3,38.4,2.8,109.0,28.0,57.0,58,56,13.93,5.671,8.86,20,0,111.3,107.7,129.5,97.6,6.4,6.8,35.0,0.0,100,33.0,48.0,56,49.16,60.6,67.66,47.97,47.42,55.42,77.13,174.4,F2
51.8,51.9,44.78,44.8,76.2,76.4,82.87,82.8,80.71,64.42,50.91,51.97,74.22,23.99,181.2,-131.0,62.96,55.02,9.462,1.529,55.63,3.979,0.8837,267.0,215.3,5.6,3.5,39.2,34.3,86.3,97.8,6.4,42.9,3.5,114.5,28.4,63.5,64,61,16.01,6.134,8.323,20,0,115.1,110.9,132.0,97.4,6.6,7.3,75.0,0.0,100,30.0,48.0,56,52.0,59.05,69.01,58.9,55.57,57.8,68.11,185.9,F2
48.36,48.3,45.35,45.4,75.67,75.6,78.78,78.4,77.6,55.9,48.33,48.57,34.66,13.08,241.8,-220.2,26.79,26.58,2.102,1.885,37.1,2.539,1.385,267.5,214.1,5.1,1.7,40.3,35.3,80.1,86.9,3.1,44.8,4.4,136.5,56.4,52.1,43,41,9.445,7.75,10.74,20,0,116.2,111.1,131.0,94.3,2.7,2.9,20.0,0.0,100,10.0,48.0,56,25.0,59.33,71.01,48.79,48.81,26.88,50.46,238.1,F2
54.54,54.7,47.97,47.2,64.9,66.2,70.59,72.5,69.54,64.34,54.19,54.71,64.97,12.0,59.34,-6.368,59.13,55.96,4.703,1.535,49.87,4.169,0.8434,274.1,216.1,6.5,4.4,40.8,35.8,76.9,81.9,9.0,45.9,5.1,112.2,35.1,45.6,55,53,29.34,12.84,9.199,20,0,116.4,111.8,129.5,92.9,6.3,7.4,50.0,0.0,100,71.44,54.1,56,17.0,55.57,64.99,58.08,56.39,30.55,66.54,15.59,F2
53.15,53.2,50.35,50.1,75.62,75.7,78.45,78.6,77.27,58.89,52.92,53.28,31.35,13.03,204.1,-185.8,25.18,23.12,3.225,1.164,35.61,2.486,1.414,266.5,215.9,6.3,1.5,44.0,39.2,80.1,86.9,3.7,50.1,6.1,145.4,65.0,47.7,42,40,13.92,12.63,10.89,20,0,122.0,115.7,130.0,89.5,2.7,2.9,45.0,0.0,100,10.0,47.0,56,23.21,56.75,71.01,54.6,54.05,21.93,77.4,236.3,F2
52.82,52.8,50.02,50.0,75.83,75.9,78.73,78.6,77.48,58.77,52.63,53.03,32.4,14.0,208.6,-190.2,25.09,23.4,3.58,1.894,35.86,2.46,1.429,267.6,215.1,6.5,1.8,43.5,38.7,80.4,87.4,3.7,49.6,6.0,141.7,61.9,47.7,42,40,10.15,8.912,10.89,20,0,119.7,114.0,131.0,91.2,2.7,2.8,45.0,0.0,100,10.0,47.0,56,28.01,56.79,69.99,54.36,53.77,25.47,85.92,237.6,F2
53.11,53.3,50.39,50.4,75.79,75.7,78.53,78.3,77.4,58.93,52.96,53.32,30.49,12.6,205.3,-187.5,24.29,22.98,3.205,1.889,35.26,2.422,1.451,266.9,214.6,7.5,1.8,43.1,38.2,80.1,86.9,3.6,50.1,6.6,144.7,65.0,47.9,42,40,13.46,12.55,10.89,20,0,123.5,116.9,131.5,91.9,2.6,2.7,45.0,0.0,100,10.0,47.0,56,22.54,56.71,70.73,54.6,54.05,21.58,76.93,237.1,F2
56.42,56.8,52.64,52.8,85.04,84.9,88.81,88.5,87.59,65.2,56.44,56.63,42.36,13.67,252.0,-223.3,33.63,33.78,1.731,1.879,44.52,2.656,1.324,270.0,213.4,8.5,2.2,44.3,39.5,90.7,105.7,4.9,51.2,7.1,142.0,51.0,66.9,51,49,13.81,9.271,9.675,20,0,120.9,115.3,137.0,96.5,3.6,4.0,0.0,0.0,100,15.0,49.0,56,17.17,58.55,81.05,56.85,56.84,14.58,41.56,233.8,F2
50.32,50.4,42.16,41.9,75.91,76.7,83.16,84.2,82.11,67.29,50.22,50.53,81.48,11.82,166.6,-96.98,73.05,72.1,2.842,1.891,62.22,4.128,0.8518,269.9,214.8,4.3,4.1,38.0,33.2,88.3,101.3,8.3,40.5,2.8,110.7,22.4,68.3,73,70,32.61,11.38,7.424,20,0,115.3,111.3,132.5,98.3,7.4,8.4,45.0,0.0,100,37.71,49.0,56,21.32,60.19,75.68,51.9,51.35,18.31,68.21,153.1,F2
59.04,58.5,50.72,50.3,76.16,76.0,84.18,83.8,81.41,71.22,58.24,59.05,88.65,30.61,112.6,-54.57,74.84,67.63,7.27,0.05898,60.52,4.348,0.8086,265.2,215.7,7.7,4.5,42.4,37.5,88.3,101.3,7.6,47.5,5.1,115.1,27.0,63.6,71,68,11.96,3.837,7.617,20,0,117.4,113.1,135.0,96.8,7.8,8.4,80.0,0.0,100,43.1,47.31,56,54.0,58.68,67.66,64.51,61.83,81.83,65.13,105.9,F2
55.69,56.0,46.66,46.6,84.8,84.7,93.31,93.4,91.11,73.1,55.25,55.86,95.3,24.59,201.6,-130.9,80.85,76.97,5.414,1.527,76.87,3.698,0.9507,268.6,215.1,6.8,4.6,40.0,34.8,97.7,119.6,8.5,43.9,4.0,122.2,24.5,85.3,91,87,26.09,7.786,5.877,20,0,116.4,112.0,137.0,101.9,8.6,9.4,60.0,0.0,100,35.0,49.0,56,27.0,56.06,78.79,59.27,57.66,25.96,80.48,166.1,F2
54.13,53.8,50.59,50.3,86.15,85.8,89.75,89.6,88.21,61.96,54.02,54.26,40.19,17.21,292.8,-269.9,31.71,30.76,2.113,1.161,44.49,2.506,1.403,267.8,215.2,6.2,2.1,44.1,39.3,91.7,107.7,4.7,50.0,5.7,143.6,52.1,68.2,51,49,14.69,10.4,9.675,20,0,122.5,116.0,136.0,95.4,3.6,3.5,40.0,0.0,100,5.0,49.0,56,20.0,58.55,79.24,55.18,54.71,19.97,50.71,239.7,F2
59.04,58.9,51.78,52.0,87.99,87.2,95.03,93.7,92.75,72.81,58.57,59.09,78.62,25.45,222.6,-169.5,65.04,60.79,4.677,0.4261,61.76,3.703,0.9495,268.0,214.9,9.2,3.8,43.1,38.2,97.5,119.1,6.5,49.5,6.7,128.7,31.5,80.7,72,69,13.99,5.061,7.52,20,0,119.5,114.7,139.4,100.4,6.7,6.9,10.84,0.0,100,25.0,49.0,56,42.0,58.43,77.81,60.17,60.19,31.52,112.3,194.8,F2
56.5,56.8,50.14,50.3,76.12,76.0,82.17,81.8,80.14,67.21,55.74,56.67,67.11,22.53,143.3,-98.71,57.12,50.29,8.367,1.531,50.92,3.944,0.8914,265.9,215.5,8.0,3.7,42.1,37.2,85.5,96.3,6.3,48.0,5.9,119.2,33.8,58.9,58,56,15.8,6.696,8.86,20,0,117.1,112.7,133.0,94.3,5.8,6.7,80.0,0.0,100,32.0,47.0,56,42.0,57.37,68.97,62.75,59.78,46.61,67.71,172.6,F2
60.93,61.1,51.04,50.9,85.41,85.3,94.78,94.8,92.42,77.93,60.49,61.1,104.3,26.26,161.2,-83.16,88.83,84.93,5.43,1.531,80.2,3.894,0.9028,266.9,215.7,8.0,5.9,43.2,38.0,100.4,125.1,10.3,47.7,4.8,124.0,23.6,87.6,95,91,25.96,7.081,5.533,20,0,119.5,114.0,139.4,100.2,9.5,10.2,65.0,0.0,100,46.0,49.0,56,27.0,58.43,79.9,64.88,62.81,29.36,63.11,126.2,F2
43.61,43.6,39.87,39.9,65.92,65.3,69.89,69.0,68.51,53.2,43.62,43.9,44.58,15.48,171.9,-142.8,33.59,33.74,2.484,2.633,36.3,3.254,1.081,269.5,215.5,2.9,2.6,36.9,32.2,71.6,73.5,2.8,39.4,2.3,113.3,41.7,41.1,42,40,-2.319,-1.48,10.89,20,0,110.3,106.9,125.1,91.7,3.7,3.7,25.0,0.0,100,22.0,47.0,56,53.0,56.83,60.61,44.2,44.23,98.31,59.62,216.6,F2
56.09,56.3,49.94,50.1,65.63,65.6,71.32,71.1,69.94,65.53,55.91,56.27,63.42,15.37,49.25,-1.196,55.42,53.73,3.227,1.534,42.89,4.543,0.774,267.5,216.0,9.4,3.0,40.6,35.6,74.1,77.5,5.8,47.8,7.0,110.9,36.8,42.2,50,48,14.75,6.616,9.8,20,0,114.7,111.3,128.0,92.1,5.7,6.2,50.0,0.0,100,80.0,56.0,56,50.0,55.65,61.96,57.88,57.16,58.38,77.46,-24.3,F2
52.61,52.7,49.77,49.8,75.79,75.7,78.65,78.4,77.48,58.61,52.43,52.78,31.77,13.02,209.3,-190.6,25.44,23.76,3.212,1.526,35.76,2.501,1.406,266.2,215.0,6.5,1.7,43.3,38.5,80.1,86.9,3.4,49.5,6.2,142.6,62.2,47.9,42,40,13.52,12.1,10.89,20,0,120.7,114.9,132.0,92.0,2.7,2.9,45.0,0.0,100,10.0,47.0,56,23.61,56.71,70.24,54.15,53.52,23.1,77.09,236.0,F2
47.13,47.2,41.01,40.9,81.03,80.8,87.05,86.8,85.42,61.8,46.98,47.42,66.9,18.06,262.6,-213.8,54.45,53.14,3.921,2.611,57.44,3.333,1.055,266.8,213.7,4.4,3.4,36.5,31.9,90.5,104.7,6.3,39.8,3.1,120.7,29.9,72.6,67,64,13.68,5.818,8.015,20,0,114.7,109.8,131.5,98.3,5.8,6.3,38.97,0.0,100,23.0,49.0,56,26.0,60.48,75.89,48.95,48.32,28.13,94.11,212.8,F2
44.63,45.8,40.56,40.9,69.69,68.6,73.78,72.8,73.18,56.56,44.81,45.17,46.07,6.761,187.1,-147.8,36.16,37.77,3.187,4.79,39.92,3.186,1.104,270.2,213.3,3.7,2.5,37.2,32.5,75.3,79.4,2.8,40.1,3.2,122.5,47.5,46.5,47,45,5.083,3.138,10.19,20,0,115.7,111.8,125.6,92.2,4.4,4.9,20.0,0.0,100,36.55,48.83,56,22.0,60.56,68.23,45.14,45.17,21.16,76.49,215.6,F2
51.63,51.9,45.11,45.1,66.41,66.4,72.47,72.2,71.05,63.4,51.4,51.8,68.54,16.06,86.59,-34.11,58.15,56.11,3.56,1.518,46.18,4.427,0.7941,271.5,213.9,6.8,3.8,38.3,33.5,76.0,80.4,6.0,43.0,4.7,107.3,31.5,46.5,52,50,9.633,3.997,9.553,20,0,112.4,109.4,129.0,94.8,6.0,6.8,45.0,0.0,100,55.0,49.0,56,60.0,60.11,63.64,53.46,52.78,109.1,85.44,95.59,F2
51.59,51.7,45.07,45.1,66.41,66.4,72.51,72.3,71.09,63.4,51.36,51.76,68.62,15.97,86.57,-33.92,58.33,56.28,3.57,1.523,46.24,4.435,0.7928,270.0,214.5,6.6,3.7,38.3,33.5,76.0,80.4,5.9,43.0,4.7,107.5,31.6,46.2,52,50,10.05,4.163,9.553,20,0,112.4,109.2,128.5,94.7,5.9,6.8,45.0,0.0,100,55.0,49.0,56,60.0,60.11,63.73,53.41,52.74,106.0,85.68,94.48,F2
54.87,55.0,44.86,44.8,69.85,69.7,79.18,79.1,76.74,69.78,53.9,54.95,104.2,27.26,77.63,-0.74,89.41,80.77,9.424,0.7906,66.11,4.755,0.7394,267.8,214.5,7.2,5.2,37.6,32.9,84.3,94.3,8.6,41.7,4.1,106.9,22.6,61.3,77,74,14.26,3.895,7.045,20,0,114.5,111.1,132.0,98.5,9.4,10.2,85.0,30.0,100,90.0,57.0,56,66.53,59.82,64.75,62.22,58.68,132.8,63.91,-10.85,F2
54.87,54.9,46.5,46.4,80.62,81.2,88.03,88.7,86.49,70.4,54.23,55.0,83.56,17.39,181.4,-115.3,75.24,69.5,6.906,1.164,66.59,3.973,0.885,270.7,215.8,6.0,2.5,40.4,35.4,91.2,106.7,6.7,43.9,3.6,116.0,25.0,71.3,78,75,37.33,12.71,6.952,20,0,115.7,111.6,135.5,99.4,7.7,8.6,60.0,0.0,100,35.0,49.0,56,25.0,55.81,76.91,59.92,57.57,19.79,70.48,167.0,F2
48.85,49.0,45.43,45.4,85.04,84.9,88.56,88.5,87.26,57.99,48.74,49.06,39.42,14.52,327.8,-303.0,30.64,29.68,2.851,1.897,44.45,2.423,1.451,268.8,215.4,4.3,2.2,41.0,36.1,90.7,105.7,4.9,45.1,3.6,140.4,50.0,68.4,51,49,13.57,9.794,9.675,20,0,122.5,115.7,134.0,96.9,3.7,3.6,30.0,0.0,100,5.0,49.0,56,19.0,56.38,79.9,49.73,49.55,14.82,68.41,244.5,F2
56.01,56.1,49.86,50.0,65.55,65.4,71.28,70.9,69.9,65.44,55.82,56.22,63.94,15.38,49.76,-1.197,55.2,53.51,3.58,1.894,43.03,4.51,0.7796,267.8,215.2,9.2,3.5,40.8,35.8,74.4,78.0,5.5,47.8,7.0,110.7,36.5,42.1,50,48,12.28,5.461,9.8,20,0,114.5,110.3,130.5,93.8,5.6,6.1,50.0,0.0,100,80.0,56.0,56,50.0,55.77,62.05,57.96,57.12,58.82,85.93,-20.19,F2
45.2,44.4,40.56,40.2,68.46,68.4,73.04,73.0,71.38,54.84,44.89,45.13,51.17,18.59,184.6,-152.0,41.26,38.49,2.095,-0.6692,43.04,3.37,1.043,267.9,213.3,3.7,7.4,36.5,31.9,80.4,87.4,9.2,39.6,3.1,116.9,36.7,55.0,49,47,8.188,4.551,9.926,20,0,107.5,104.5,142.9,110.5,4.6,4.4,25.0,0.0,100,22.0,47.0,56,73.0,60.23,63.11,45.47,45.49,155.0,50.28,212.0,F3
55.03,55.3,48.18,47.7,66.7,68.1,72.96,74.9,71.75,65.81,54.64,55.28,71.06,13.78,67.33,-10.05,61.02,57.52,5.744,2.246,54.36,3.946,0.891,272.3,213.7,6.9,9.1,40.8,35.9,84.0,93.8,14.2,46.3,5.1,116.4,32.4,58.2,61,59,19.04,7.62,8.534,20,0,114.7,109.8,145.4,109.7,6.8,7.6,60.0,0.0,100,64.83,52.73,56,17.0,59.41,67.41,60.09,57.61,41.37,55.71,39.67,F3
56.55,56.8,46.7,46.4,75.99,76.0,85.45,85.1,83.33,73.55,56.28,56.67,104.0,23.26,107.5,-26.84,87.62,85.21,3.556,1.152,75.9,4.059,0.8663,263.8,213.7,6.8,10.4,39.8,34.8,95.5,115.2,13.3,43.6,3.8,118.3,22.8,80.4,90,86,18.46,5.051,5.964,20,0,115.3,110.7,148.4,113.3,9.1,10.2,55.0,0.0,100,65.0,51.0,56,45.03,59.78,71.42,58.41,57.61,47.95,85.35,54.76,F3
56.3,56.3,50.06,50.0,66.37,66.4,72.27,71.8,70.76,66.06,56.07,56.51,66.26,16.88,52.89,-3.508,56.12,54.06,3.962,1.901,46.54,4.24,0.8293,269.8,215.9,8.1,8.6,42.0,37.1,80.4,87.4,10.9,48.0,5.9,115.7,35.6,50.2,52,50,10.88,4.671,9.553,20,0,111.8,108.2,145.4,106.9,5.6,6.3,50.0,0.0,100,80.0,56.0,56,60.0,59.05,62.74,58.25,57.45,109.6,95.09,-5.954,F3
57.12,57.4,50.84,50.9,76.32,76.4,82.34,82.2,80.3,67.41,56.36,57.33,66.58,22.5,142.7,-98.6,56.25,49.43,8.713,1.893,52.99,3.732,0.942,265.6,215.0,7.7,7.7,43.1,38.2,89.9,104.2,10.2,48.7,5.5,125.2,35.3,65.9,60,58,16.64,7.109,8.641,20,0,114.9,110.1,149.4,108.4,5.8,6.6,75.0,0.0,100,32.0,47.0,56,48.0,58.84,68.8,63.32,60.36,54.22,70.51,173.6,F3
55.77,56.0,49.41,49.5,85.57,85.4,91.67,91.4,89.93,69.05,55.58,55.94,68.44,19.6,234.3,-185.4,57.06,55.37,3.216,1.528,61.98,3.237,1.086,269.3,215.3,7.1,7.3,42.4,37.5,98.7,121.6,10.5,47.5,5.1,133.2,34.2,84.4,71,68,21.96,9.127,7.617,20,0,117.8,112.0,150.9,112.4,6.0,6.5,50.0,0.0,100,25.0,49.0,56,25.0,58.92,79.28,57.75,56.88,23.11,77.18,205.7,F3
49.5,49.6,41.79,41.5,79.96,79.9,87.37,87.2,85.59,66.47,49.31,49.67,82.93,20.01,214.0,-151.1,68.64,66.96,3.191,1.517,68.5,3.523,0.998,268.6,213.6,4.1,7.1,37.6,32.9,94.3,112.7,10.6,40.2,2.6,121.2,27.2,80.2,79,76,18.24,6.257,6.86,20,0,112.2,108.2,148.4,115.6,7.2,8.1,45.0,0.0,100,32.0,49.0,56,30.65,59.62,74.86,51.16,50.53,31.51,76.58,184.6,F3
43.73,43.9,40.4,40.4,80.37,80.4,84.14,84.0,82.88,53.98,43.79,44.02,42.2,14.08,324.0,-295.9,29.82,30.34,2.11,2.625,44.54,2.354,1.493,269.0,214.9,2.7,4.6,37.7,33.0,88.9,102.3,7.2,40.2,2.4,136.5,47.9,68.6,51,49,1.014,0.6834,9.675,20,0,114.5,108.4,144.4,110.4,3.8,3.5,20.0,0.0,100,8.0,49.0,56,23.0,59.78,75.56,44.2,44.27,21.41,50.65,243.8,F3
51.51,51.9,45.07,44.9,76.03,76.2,82.5,82.2,80.43,64.26,50.95,51.84,71.86,23.05,179.7,-130.8,57.59,52.62,7.962,2.988,56.68,3.572,0.9842,266.7,214.5,5.8,8.3,39.1,34.2,90.5,105.2,10.5,43.0,4.4,121.2,30.7,71.4,65,62,6.515,2.579,8.219,20,0,112.9,108.2,146.9,112.1,6.2,6.6,75.0,0.0,100,30.0,48.0,56,52.0,59.66,69.66,57.35,54.67,55.31,71.33,188.6,F3
43.65,43.8,40.07,40.1,66.29,66.2,70.1,69.8,68.92,53.08,43.7,43.94,42.29,13.04,176.0,-146.8,32.01,32.53,2.109,2.625,38.26,2.942,1.195,266.7,214.8,2.8,7.5,37.1,32.4,77.3,82.4,8.7,39.8,2.7,123.2,45.7,49.2,44,42,2.123,1.427,10.6,20,0,111.1,107.3,142.9,109.5,3.6,3.9,25.0,0.0,100,22.0,47.0,56,66.0,60.15,62.78,44.12,44.14,118.9,50.61,217.4,F3
55.6,55.6,49.32,49.3,85.57,85.4,91.67,91.2,89.97,68.97,55.42,55.77,68.02,19.03,234.2,-185.2,56.16,54.47,3.206,1.524,61.86,3.192,1.102,267.7,214.6,6.9,7.3,42.4,37.5,98.5,121.1,10.2,47.3,4.9,132.9,34.4,84.6,71,68,20.16,8.429,7.617,20,0,117.8,112.0,151.4,114.9,5.9,6.5,51.15,0.0,100,25.0,49.0,56,25.0,58.92,79.61,57.39,56.67,22.07,76.95,205.4,F3
61.05,61.1,50.92,50.8,75.79,75.7,85.33,84.7,82.88,75.68,60.29,61.1,105.4,26.99,79.57,-1.186,90.92,84.09,7.262,0.4271,74.01,4.32,0.8139,265.1,215.5,9.3,10.6,41.5,36.6,95.3,114.7,13.6,47.0,5.4,119.2,23.7,78.6,86,82,23.22,6.269,6.317,20,0,117.4,112.9,149.9,113.2,9.0,10.3,70.94,23.96,100,100.0,57.0,56,46.79,58.92,68.84,66.52,63.71,65.29,62.2,-15.07,F3
53.8,53.8,50.39,50.4,85.74,85.6,89.18,89.0,87.8,61.43,53.61,53.93,38.56,15.46,295.7,-272.6,30.38,28.7,2.826,1.152,44.26,2.413,1.457,269.2,213.6,6.3,5.0,44.1,39.3,94.0,112.2,7.7,50.0,5.9,150.5,56.5,73.0,50,48,15.51,11.44,9.8,20,0,122.0,114.9,150.9,110.8,3.4,3.4,40.0,0.0,100,5.0,49.0,56,20.0,58.96,79.69,55.05,54.58,17.9,67.82,243.1,F3
50.49,51.2,45.56,45.6,74.03,73.9,78.94,79.1,77.97,62.62,50.71,50.98,54.84,10.82,171.4,-127.4,44.12,46.1,2.477,4.458,49.51,3.134,1.122,268.0,214.9,5.0,7.2,40.6,35.6,86.3,97.8,9.8,44.4,3.8,131.2,44.9,61.7,55,53,11.82,6.131,9.199,20,0,118.8,112.9,146.9,110.6,5.2,5.6,20.0,0.0,100,38.62,48.0,56,17.0,59.78,72.82,50.96,50.94,19.92,59.44,195.9,F3
55.69,55.8,49.36,49.3,85.62,85.4,91.75,91.4,89.93,69.05,55.46,55.81,68.63,20.44,233.4,-185.2,56.52,54.48,3.206,1.159,62.08,3.201,1.098,268.3,214.6,6.9,7.1,42.6,37.7,98.5,121.1,10.5,47.3,4.9,133.2,34.7,84.4,71,68,19.51,8.084,7.617,20,0,117.8,112.2,150.9,112.4,6.0,6.3,52.15,0.0,100,25.0,49.0,56,25.0,58.92,79.61,57.47,56.75,23.72,76.95,205.6,F3
54.74,55.5,46.95,46.8,78.7,78.3,86.35,85.8,84.85,71.42,54.84,55.08,84.55,16.58,148.3,-80.33,69.42,70.29,2.099,2.976,65.89,3.704,0.9492,265.1,213.7,6.7,9.4,40.3,35.3,94.8,113.7,11.8,44.6,4.3,123.0,28.2,78.4,77,74,12.66,4.26,7.045,20,0,118.3,112.7,147.9,111.3,7.3,8.5,0.0,0.0,100,51.19,49.78,56,27.36,59.74,75.8,55.22,55.12,24.78,50.37,139.4,F3
61.91,61.7,52.89,52.7,85.57,85.3,93.97,93.7,91.81,77.52,61.64,61.96,93.55,24.04,159.3,-89.74,80.91,78.48,2.848,0.4266,76.36,3.725,0.9439,267.5,215.2,8.4,7.2,44.3,39.5,100.9,126.1,10.8,49.6,5.3,129.0,28.4,87.1,90,86,31.92,9.705,5.964,20,0,113.1,106.3,153.3,113.0,8.3,9.0,35.0,0.0,100,43.0,49.0,56,27.0,59.66,79.04,62.95,62.49,29.77,68.35,135.7,F3
59.04,59.3,49.45,49.5,71.69,71.5,80.9,80.5,78.01,71.71,57.71,59.25,101.8,31.99,69.67,0.1711,87.01,74.91,14.02,1.916,66.9,4.573,0.7689,265.3,217.6,8.3,9.7,41.2,36.3,90.5,104.7,12.9,46.3,5.1,115.1,24.4,68.4,77,74,14.79,4.132,7.045,20,0,113.8,110.1,147.4,110.3,9.0,9.8,85.0,100.0,100,100.0,56.0,56,85.0,59.21,63.97,69.38,64.25,161.2,65.5,-19.96,F3
43.57,43.6,39.99,40.1,66.29,66.1,70.05,69.5,68.92,53.08,43.58,43.86,42.13,12.68,177.3,-147.8,31.91,32.06,2.468,2.616,37.61,2.983,1.179,268.6,214.1,2.9,6.5,37.2,32.5,76.0,80.4,7.7,39.8,2.6,122.7,46.7,48.5,43,41,1.678,1.133,10.74,20,0,109.4,105.5,141.9,108.1,3.4,3.5,25.0,0.0,100,22.0,47.0,56,60.0,60.23,62.66,43.96,44.02,125.3,59.24,220.0,F3
51.47,51.9,45.02,45.1,75.99,76.0,82.46,82.0,80.39,64.22,50.91,51.8,72.07,23.12,180.2,-131.2,57.39,52.43,7.934,2.977,56.59,3.565,0.9862,267.4,213.8,6.6,8.5,38.3,33.5,90.5,105.2,10.8,42.9,4.4,121.5,30.4,70.4,65,62,4.979,1.965,8.219,20,0,112.9,108.2,148.4,113.9,6.0,6.8,70.0,0.0,100,30.0,48.0,56,46.0,59.7,69.7,57.35,54.67,55.47,71.08,189.6,F3
56.26,56.5,49.94,50.0,66.41,66.4,72.31,71.8,70.8,66.06,55.99,56.43,66.96,17.06,53.91,-4.009,56.53,54.11,3.939,1.524,46.57,4.268,0.8238,272.6,214.6,7.9,8.9,42.1,37.2,80.7,87.9,10.9,47.8,5.7,115.7,34.9,50.0,52,50,9.889,4.201,9.553,20,0,111.6,108.4,144.9,106.7,5.6,6.5,50.0,0.0,100,80.0,56.0,56,60.0,59.0,62.7,58.16,57.37,110.7,94.53,-1.007,F3
60.07,60.2,50.88,50.6,85.41,85.3,94.25,93.9,92.06,76.95,59.88,60.28,98.58,24.5,168.4,-94.32,82.38,80.7,3.582,1.895,81.23,3.566,0.986,267.6,215.2,8.2,7.9,42.4,37.7,101.8,128.0,11.5,47.7,4.9,129.6,27.8,90.3,96,92,24.28,7.004,5.448,20,0,116.2,110.5,154.3,115.9,8.6,9.4,55.0,0.0,100,43.0,49.0,56,27.0,59.17,79.41,62.01,61.14,29.05,85.97,139.4,F3
54.78,53.6,46.38,46.3,78.57,78.9,86.47,85.4,83.78,68.07,53.65,54.34,88.19,30.01,175.5,-117.3,75.13,65.03,6.13,-3.965,62.1,4.254,0.8266,267.9,214.4,6.8,8.3,39.5,34.6,93.7,111.7,10.3,43.9,4.4,120.9,27.2,76.4,72,69,16.19,5.22,7.52,20,0,113.1,108.6,149.9,114.0,6.5,7.3,65.0,0.0,100,30.0,48.0,56,59.0,59.74,68.11,58.57,56.75,86.11,80.86,168.6,F3
47.41,47.2,40.11,39.8,67.07,66.7,74.11,73.8,72.4,61.96,47.31,47.54,78.2,18.95,115.9,-56.68,65.41,64.45,2.111,1.16,54.26,4.238,0.8296,266.6,214.9,3.8,9.1,36.0,31.4,82.9,91.8,12.2,38.9,2.7,109.6,27.0,60.2,61,59,9.261,3.368,8.534,20,0,108.0,104.9,144.4,111.5,7.0,7.4,30.0,0.0,100,50.0,48.0,56,73.0,60.15,63.28,47.93,47.91,145.6,50.67,118.4,F3
43.52,43.4,40.28,40.2,71.33,71.1,74.84,74.7,73.55,52.55,43.46,43.74,39.48,14.55,235.6,-210.7,28.84,28.27,2.455,1.876,39.17,2.589,1.358,269.3,213.0,3.0,6.3,37.2,32.5,81.0,88.4,8.3,40.1,2.7,130.9,49.7,56.4,45,43,1.759,1.267,10.46,20,0,112.4,107.5,142.4,108.7,3.5,3.2,25.0,0.0,100,15.0,48.0,56,40.69,60.03,66.59,43.92,43.94,53.2,58.92,237.0,F3
45.86,46.3,39.58,39.6,70.83,70.8,77.01,76.5,75.51,60.49,45.83,46.19,69.13,16.79,168.0,-115.7,56.03,55.81,3.199,2.982,52.8,3.731,0.9423,268.4,214.1,4.0,8.1,35.8,31.3,84.6,94.8,10.7,38.5,2.7,114.0,29.4,63.5,59,57,6.734,2.771,8.75,20,0,109.4,105.7,145.9,113.7,5.7,6.7,35.0,0.0,100,33.0,48.0,56,46.7,59.91,66.92,47.31,46.93,57.46,76.76,179.3,F3
55.11,55.3,45.07,44.9,70.92,70.8,80.5,80.2,78.05,70.85,54.47,55.32,105.7,26.95,79.45,-0.7321,89.92,84.21,7.607,1.892,70.99,4.454,0.7895,264.7,214.8,5.8,10.3,39.1,34.2,90.5,105.2,13.4,42.4,3.8,112.4,22.2,71.4,82,79,15.65,4.212,6.586,20,0,113.3,109.6,147.4,113.2,9.3,10.4,85.0,30.0,100,90.0,57.0,56,60.0,59.62,65.32,60.46,57.94,113.4,72.58,-15.86,F3
49.46,49.6,41.75,41.5,79.92,80.0,87.25,87.0,85.54,66.47,49.31,49.67,81.59,19.0,212.4,-149.8,68.87,67.55,3.202,1.887,67.6,3.582,0.9816,267.2,214.3,3.9,7.0,37.6,32.9,94.0,112.2,10.0,40.2,2.6,121.2,26.9,79.3,78,75,22.88,7.977,6.952,20,0,112.0,108.4,146.9,113.4,7.1,8.1,45.0,0.0,100,32.0,49.0,56,30.54,59.62,75.19,51.16,50.53,29.28,76.84,182.2,F3
55.44,55.5,49.2,49.3,85.53,85.3,91.63,91.2,89.89,68.93,55.25,55.69,68.15,19.52,234.2,-185.6,56.19,54.5,3.967,2.273,62.0,3.186,1.103,268.2,216.2,6.5,7.3,42.6,37.7,98.5,121.1,10.3,47.2,4.9,132.9,34.4,83.6,71,68,19.97,8.335,7.617,20,0,117.6,112.0,152.8,114.0,5.9,6.2,48.46,0.0,100,25.0,49.0,56,22.0,58.96,79.9,57.18,56.47,22.38,95.22,205.8,F3
54.29,54.5,50.31,50.3,65.67,65.3,69.6,69.2,68.27,61.6,54.27,54.55,43.78,14.91,74.33,-45.45,35.63,35.41,2.473,2.255,37.26,3.362,1.046,267.4,214.5,8.8,6.5,41.6,36.6,75.7,79.9,7.9,49.1,7.8,126.6,50.6,44.3,43,41,8.582,5.575,10.74,20,0,112.7,108.8,143.4,105.7,3.9,4.2,30.0,0.0,100,40.0,47.0,56,67.0,59.17,61.68,54.97,54.79,142.6,59.34,140.0,F3
49.79,49.8,40.44,40.2,80.54,80.5,90.57,90.1,87.76,68.02,48.95,49.92,99.89,28.0,196.5,-124.6,83.85,76.28,8.723,1.161,77.88,3.785,0.9289,239.0,215.2,3.3,4.4,37.1,32.4,94.5,113.2,9.1,37.8,0.7,117.1,22.6,81.0,91,87,21.49,6.12,5.877,20,0,112.9,109.4,142.9,109.5,9.6,9.4,60.0,0.0,100,36.0,42.0,56,46.0,60.19,75.48,55.99,53.15,43.97,73.64,146.2,F4
60.68,60.8,49.69,49.5,75.91,76.0,87.37,87.2,84.11,75.76,59.3,60.89,115.9,32.97,84.39,-1.498,98.11,85.83,14.17,1.888,77.35,4.46,0.7884,242.6,214.3,8.0,6.0,41.5,36.7,93.2,110.7,10.4,45.9,4.3,114.9,21.7,74.0,91,87,14.94,3.669,5.877,20,0,116.7,112.9,143.4,106.3,11.2,11.2,80.0,100.0,100,100.0,46.0,56,59.69,59.5,70.48,71.55,66.05,72.03,61.78,-4.143,F4
58.59,58.9,49.28,49.1,71.16,71.1,80.82,80.5,77.77,70.93,57.09,58.72,98.12,31.05,69.41,-2.338,83.86,70.36,14.66,1.166,62.42,4.723,0.7444,243.8,216.2,8.1,5.5,41.0,36.1,86.0,97.3,8.5,46.1,5.1,110.7,24.5,60.5,72,69,12.27,3.557,7.52,20,0,116.9,113.8,138.5,101.9,9.4,9.8,90.0,100.0,100,100.0,46.0,56,66.97,59.21,65.69,69.83,64.21,115.0,62.54,-3.339,F4
47.09,47.2,40.52,40.4,64.69,64.5,71.45,71.1,69.9,60.2,46.82,47.34,70.56,16.11,101.3,-46.89,58.92,56.5,4.687,2.264,47.3,4.38,0.8028,250.7,215.4,4.6,3.9,35.8,31.3,75.0,78.9,6.7,38.9,3.1,103.9,28.8,47.6,54,52,6.387,2.575,9.315,20,0,107.5,105.7,131.5,99.4,6.4,6.8,58.99,0.0,100,50.0,43.0,56,60.0,59.13,62.99,50.1,48.81,100.2,87.4,110.9,F4
60.43,60.3,50.35,50.1,86.02,85.8,97.08,96.8,93.82,77.44,59.84,60.56,108.1,31.89,160.1,-83.9,91.18,85.78,6.571,1.17,85.43,3.753,0.9369,234.6,216.9,6.8,3.9,43.2,38.3,100.9,126.1,9.0,47.2,4.1,126.3,25.4,87.9,101,97,26.09,6.868,5.026,20,0,115.1,108.0,144.4,105.6,11.0,10.3,70.0,0.0,100,46.0,42.0,56,37.0,59.74,79.74,65.66,62.98,38.28,58.86,108.9,F4
56.05,56.1,45.15,45.1,71.33,71.1,82.75,82.5,79.16,71.05,54.39,56.14,116.2,36.53,82.46,-2.759,98.28,83.3,15.78,0.7978,75.46,4.579,0.7678,244.2,216.3,7.2,6.1,38.0,33.2,88.6,101.8,10.2,41.5,3.8,109.8,21.2,69.3,88,84,12.36,3.025,6.14,20,0,113.6,110.7,138.5,104.5,11.3,11.2,70.0,100.0,100,84.97,45.25,56,73.0,59.7,65.69,69.1,62.57,146.4,58.0,-2.498,F4
53.8,53.9,50.14,50.1,64.24,64.0,68.13,67.9,66.91,60.41,53.61,53.93,39.6,12.37,66.27,-39.05,32.98,31.29,2.862,1.167,34.88,3.324,1.058,244.5,216.3,8.0,3.0,42.0,37.1,70.9,72.5,4.7,49.1,7.1,123.5,52.6,35.1,40,39,11.6,8.334,11.04,20,0,113.8,110.1,131.0,92.8,4.0,3.8,30.0,0.0,100,40.0,42.0,56,63.0,59.13,61.76,54.93,54.5,112.8,68.69,129.1,F4
44.18,44.3,40.52,40.4,66.99,66.1,71.24,70.1,69.78,53.73,44.07,44.51,43.35,14.87,163.4,-134.9,32.77,31.82,3.945,2.994,36.36,3.17,1.109,244.4,215.0,3.4,2.4,37.1,32.4,72.5,75.0,1.9,39.9,2.8,113.6,41.1,42.5,42,40,-0.8268,-0.5425,10.89,20,0,107.7,105.7,131.5,97.6,4.2,3.8,25.0,0.0,100,22.0,42.0,56,78.0,59.0,62.13,45.23,45.25,114.3,94.68,196.8,F4
44.88,43.9,39.87,39.6,82.13,83.2,87.78,88.2,85.42,57.87,44.52,44.8,56.39,23.57,275.1,-242.3,44.86,41.71,2.476,-0.6741,51.79,3.045,1.155,239.6,214.9,2.2,2.5,37.2,32.5,90.7,105.7,6.7,39.1,1.9,122.2,31.5,72.2,56,54,11.24,5.669,9.084,20,0,113.3,109.0,138.0,104.6,5.0,4.5,20.0,0.0,100,8.0,42.0,56,36.0,60.48,76.25,46.54,46.19,35.86,59.43,203.3,F4
43.36,43.4,39.99,39.8,80.37,80.4,84.47,84.5,82.92,53.08,43.21,43.57,41.05,15.47,299.4,-273.8,30.06,28.75,3.195,1.884,42.95,2.461,1.429,240.7,214.0,1.8,1.2,38.0,33.2,85.7,96.8,3.5,39.9,2.2,132.9,47.4,64.1,49,47,4.313,2.988,9.926,20,0,116.0,111.6,138.0,103.3,4.1,3.6,20.0,0.0,100,8.0,42.0,56,25.0,60.6,75.68,44.73,44.35,24.62,76.69,217.6,F4
45.94,45.9,39.46,39.4,71.24,70.3,78.53,77.1,76.25,60.45,45.63,46.27,73.4,22.96,159.2,-108.7,57.72,54.95,5.743,2.975,51.18,3.965,0.8867,241.8,213.6,3.8,3.9,35.8,31.3,81.0,88.4,6.0,38.4,2.4,106.3,25.7,57.3,57,55,-3.941,-1.527,8.971,20,0,110.3,107.7,135.5,103.4,6.8,6.3,50.0,0.0,100,33.0,42.0,56,49.86,60.03,65.81,49.28,47.95,95.25,103.8,158.3,F4
43.2,43.2,39.95,39.8,64.2,64.0,67.92,67.6,66.79,51.81,43.21,43.45,37.58,11.43,151.2,-125.0,29.19,29.34,2.117,2.267,34.61,2.966,1.185,242.2,215.6,2.7,2.7,37.1,32.4,70.3,71.5,4.4,39.8,2.7,119.2,48.9,39.8,39,38,5.131,3.884,11.2,20,0,110.5,107.3,130.0,96.3,3.6,3.3,25.0,0.0,100,22.0,42.0,56,60.0,58.88,61.68,43.71,43.77,98.11,50.82,195.2,F4
46.27,46.4,40.52,40.5,80.21,80.0,86.64,86.1,84.81,60.29,46.04,46.44,64.23,18.28,245.1,-199.1,51.32,49.27,3.567,1.521,55.43,3.255,1.08,239.9,214.3,3.5,3.8,36.9,32.2,89.9,104.2,6.6,39.6,2.5,121.7,32.1,71.3,63,60,10.03,4.44,8.428,20,0,113.3,109.2,139.0,106.1,6.1,6.0,40.0,0.0,100,23.0,42.0,56,25.0,60.23,76.5,48.54,47.71,26.97,85.6,191.7,F4
56.26,56.5,45.07,45.1,75.91,75.9,88.07,87.8,84.77,74.0,55.21,56.35,120.0,32.59,106.2,-18.83,100.2,90.81,10.17,0.7925,84.54,4.167,0.8438,236.8,214.8,6.4,6.3,38.5,33.7,94.0,112.2,10.3,42.0,3.5,115.6,21.3,78.4,99,95,15.06,3.57,5.194,20,0,115.6,111.8,141.4,106.9,11.8,11.6,70.0,30.0,100,70.0,43.0,56,52.0,59.5,71.18,64.02,60.19,66.95,63.82,34.31,F4
49.3,49.5,40.07,39.9,65.27,65.1,74.68,74.6,72.52,64.99,48.7,49.51,96.11,22.01,76.87,-2.767,82.91,77.54,7.268,1.899,60.95,4.783,0.7352,245.0,215.6,4.3,5.5,35.8,31.3,80.1,86.9,9.7,38.0,2.4,102.1,22.0,55.1,70,67,14.53,4.299,7.715,20,0,110.3,108.4,134.0,101.9,9.5,9.6,70.0,0.0,100,100.0,46.0,56,73.57,59.62,63.48,54.68,52.29,136.8,72.91,-2.146,F4
56.26,56.3,50.02,50.0,76.24,76.0,82.95,82.7,80.55,66.55,55.29,56.43,67.61,24.19,141.0,-97.57,56.1,47.41,10.22,1.532,51.2,3.853,0.9126,241.7,215.8,7.4,3.6,42.6,37.7,86.3,97.8,6.6,48.0,5.2,119.9,33.4,60.1,58,56,10.75,4.523,8.86,20,0,115.3,111.1,141.4,102.6,6.7,6.3,80.0,0.0,100,32.0,42.0,56,50.0,59.54,70.03,63.73,60.11,55.33,67.75,160.4,F4
51.14,51.2,44.0,43.9,65.67,65.6,73.08,72.7,71.46,64.05,50.95,51.27,75.55,16.56,75.53,-16.54,63.85,62.17,2.841,1.158,49.27,4.556,0.7717,244.7,214.7,5.7,4.6,38.2,33.4,77.3,82.4,7.1,41.9,3.7,105.7,28.2,49.0,55,53,8.167,3.075,9.199,20,0,109.6,107.5,134.0,99.7,7.3,7.3,40.95,0.0,100,65.0,43.0,56,60.0,59.66,64.38,53.09,52.33,84.2,68.17,43.27,F4
43.2,43.0,40.07,39.9,70.96,70.9,74.68,74.6,73.34,51.85,43.05,43.45,37.51,13.47,216.5,-192.5,27.98,26.66,3.575,2.258,37.01,2.658,1.323,241.8,214.8,2.1,1.4,37.7,33.0,76.0,80.4,3.3,40.1,2.2,125.2,49.2,47.4,43,41,3.483,2.641,10.74,20,0,113.3,109.8,134.0,100.0,3.8,3.2,30.0,0.0,100,15.0,42.0,56,44.52,60.27,67.12,44.69,44.27,47.21,85.8,212.0,F4
56.14,56.3,50.02,50.1,65.96,65.8,72.22,71.8,70.64,65.77,55.87,56.31,64.13,16.21,49.85,-1.937,55.09,52.66,3.967,1.535,43.59,4.443,0.7913,245.7,216.2,8.1,3.5,41.8,36.9,75.3,79.4,5.9,47.8,5.8,111.3,36.0,42.2,50,48,11.82,5.243,9.8,20,0,112.9,109.8,134.0,95.8,6.0,6.2,50.0,0.0,100,80.0,45.0,56,57.0,59.25,63.68,58.49,57.49,87.75,95.17,-13.84,F4
45.98,45.9,38.96,39.1,72.35,71.2,80.04,78.3,77.64,61.1,45.59,46.23,77.45,24.18,166.4,-113.2,62.75,59.24,5.769,2.256,51.29,4.301,0.8174,241.5,214.6,2.8,3.2,36.3,31.7,81.5,89.4,5.7,37.5,1.3,103.9,22.6,58.3,57,55,-0.3856,-0.1416,8.971,20,0,110.5,108.0,135.0,103.3,7.1,6.7,50.0,0.0,100,33.0,42.0,56,61.03,60.07,66.1,49.28,47.95,96.21,104.3,155.6,F4
47.09,47.2,40.32,40.4,65.96,65.3,73.08,71.8,71.26,61.15,46.9,47.38,73.82,18.95,104.8,-49.91,60.67,58.98,4.313,2.627,48.44,4.403,0.7985,248.7,215.1,4.8,4.2,35.6,31.1,76.0,80.4,6.3,38.7,3.3,104.5,28.0,48.8,55,53,2.208,0.8506,9.199,20,0,108.6,106.7,132.0,100.1,6.5,6.8,42.12,0.0,100,50.0,43.0,56,67.0,59.41,62.95,48.75,48.28,128.8,103.5,108.7,F4
47.62,47.5,44.9,44.8,75.5,75.6,78.69,78.7,77.52,54.92,47.55,47.83,32.34,11.89,228.9,-208.5,24.31,23.73,2.475,1.891,36.69,2.33,1.509,243.2,214.8,3.4,1.7,41.2,36.3,80.4,87.4,3.9,44.8,3.3,138.7,58.0,51.1,42,40,8.479,7.458,10.89,20,0,118.1,113.1,136.5,99.4,3.5,2.6,20.0,0.0,100,10.0,42.0,56,32.0,59.91,71.51,48.3,48.16,24.61,59.4,217.9,F4
56.18,56.3,45.19,44.9,71.41,70.9,82.83,82.5,79.28,71.14,54.47,56.27,116.7,36.27,83.25,-2.771,98.36,83.12,16.04,0.7925,75.6,4.575,0.7686,245.3,214.8,7.4,6.4,37.7,33.0,88.9,102.3,10.2,41.7,3.7,109.8,20.9,69.8,89,85,10.95,2.667,6.052,20,0,112.9,110.1,139.4,102.8,11.3,11.6,80.0,100.0,100,81.07,45.05,56,67.0,59.7,65.73,69.47,62.77,144.3,57.52,0.3878,F4
56.22,56.5,45.07,44.9,75.87,75.9,88.03,87.7,84.73,73.96,55.17,56.39,119.8,32.54,106.0,-18.8,100.1,90.73,10.94,1.53,84.65,4.159,0.8453,236.4,215.5,6.4,6.6,38.5,33.7,94.3,112.7,10.6,41.9,3.3,115.6,21.3,78.5,100,96,15.62,3.708,5.11,20,0,115.1,111.3,140.9,106.9,12.0,11.6,80.0,30.0,100,70.0,43.0,56,52.0,59.5,71.18,64.18,60.28,66.85,67.19,34.14,F4
48.23,47.3,40.11,39.6,74.19,73.9,83.07,82.3,80.1,63.4,47.64,48.2,89.61,30.02,168.5,-108.9,72.76,67.4,5.046,-0.307,60.87,4.203,0.8366,242.1,215.0,3.6,4.3,36.0,31.4,86.6,98.3,7.8,38.4,2.2,110.7,23.9,66.7,70,67,1.596,0.5064,7.715,20,0,110.9,108.2,137.0,105.1,8.4,7.7,40.0,0.0,100,33.0,42.0,56,61.56,60.07,67.16,50.3,49.92,101.5,121.1,145.3,F4
49.22,49.3,39.99,39.9,65.14,65.0,74.64,74.4,72.44,64.91,48.62,49.43,96.16,22.25,76.24,-2.33,82.82,77.45,7.26,1.897,60.48,4.814,0.7303,243.0,215.4,4.2,5.4,35.6,31.1,79.8,86.4,9.5,38.0,2.2,102.1,22.5,55.3,70,67,13.56,4.012,7.715,20,0,109.0,107.3,137.0,101.7,9.4,9.2,70.0,0.0,100,100.0,46.0,56,77.19,59.58,63.32,54.19,51.96,142.8,78.17,-3.862,F4
50.53,50.6,44.49,44.4,75.83,75.7,82.38,82.0,79.98,61.47,49.52,50.74,66.25,24.3,187.2,-145.2,54.22,45.17,10.95,1.899,51.73,3.685,0.954,242.8,215.7,5.1,3.7,39.2,34.3,85.7,96.8,6.5,42.9,3.5,117.8,32.1,62.0,58,56,9.425,4.046,8.86,20,0,113.3,109.6,139.4,103.7,6.3,6.3,90.0,0.0,100,25.0,42.0,56,50.0,59.66,69.42,58.61,54.79,59.78,68.68,184.2,F4
47.74,47.0,39.66,39.4,66.66,66.7,74.97,74.4,72.77,62.33,47.23,47.71,86.23,22.8,108.3,-44.88,72.4,67.78,4.313,-0.307,51.61,4.932,0.7129,249.0,215.0,2.5,4.2,36.7,32.1,78.6,84.4,8.0,38.2,1.5,103.1,23.9,52.5,59,57,2.964,0.9776,8.75,20,0,108.6,106.7,135.5,103.1,7.7,7.8,41.12,0.0,100,50.0,43.0,56,78.0,59.5,63.44,49.69,49.3,138.8,103.5,93.2,F4
46.76,46.8,40.23,40.2,64.65,64.7,71.36,71.1,69.86,60.16,46.61,47.05,69.66,15.58,100.7,-46.58,58.59,57.27,3.955,2.633,47.27,4.358,0.8068,249.0,215.5,4.6,4.2,35.8,31.3,75.3,79.4,6.6,38.7,3.1,104.1,28.8,47.6,54,52,8.362,3.414,9.315,20,0,108.0,105.9,131.0,98.9,6.4,6.6,53.52,0.0,100,50.0,43.0,56,60.0,59.29,63.07,48.87,48.11,98.95,94.91,107.3,F4
54.17,54.4,45.23,45.1,85.33,85.1,94.87,94.8,92.42,72.16,53.74,54.38,93.77,24.02,199.2,-129.5,80.57,76.66,5.813,1.904,78.38,3.614,0.9728,235.9,216.3,4.8,3.4,40.3,35.3,97.7,120.1,6.9,43.0,2.9,123.5,25.5,85.0,91,87,31.97,9.698,5.877,20,0,115.3,111.1,144.4,108.6,9.5,9.3,50.0,0.0,100,35.0,42.0,56,28.67,59.58,81.25,58.25,56.3,26.6,71.84,145.1,F4
56.26,56.6,50.1,50.3,74.6,74.4,80.0,79.5,78.17,66.35,55.46,56.51,60.14,20.36,131.7,-91.89,49.91,43.41,8.55,2.045,46.67,3.76,0.935,267.1,194.6,8.2,3.1,42.1,37.2,82.6,91.3,4.8,48.2,6.2,119.5,36.6,54.1,53,51,10.71,5.067,9.433,20,0,114.5,110.7,139.9,101.7,5.2,6.5,80.0,0.0,100,32.0,47.0,42,40.0,55.73,68.35,62.34,59.58,38.7,74.32,179.1,F5
51.59,51.7,45.02,44.8,85.33,85.1,91.22,90.8,89.19,64.26,50.87,51.76,65.79,22.7,278.3,-235.2,53.27,47.42,7.227,1.382,59.15,3.166,1.11,267.9,194.7,5.1,3.0,39.8,34.8,94.0,112.2,5.8,43.0,3.4,127.1,33.1,77.4,69,66,15.11,6.534,7.814,20,0,116.2,111.3,142.4,106.6,5.7,6.8,70.0,0.0,100,20.0,49.0,42,26.0,56.3,78.38,57.26,54.67,24.67,66.78,222.2,F5
48.4,48.5,45.27,45.1,75.05,75.0,78.04,77.9,76.99,55.9,48.37,48.61,33.46,11.77,236.2,-214.5,25.44,25.24,1.918,1.72,36.53,2.448,1.436,268.8,195.3,4.1,1.6,41.0,36.1,79.5,85.9,3.6,45.1,4.3,137.4,57.3,50.0,42,40,8.349,7.097,10.89,20,0,116.7,112.4,135.5,98.4,2.9,3.4,20.0,0.0,100,10.0,48.0,42,23.0,56.43,70.93,48.79,48.85,19.48,46.03,240.1,F5
50.53,50.6,40.03,39.9,80.62,80.4,89.63,89.4,87.1,69.21,49.6,50.74,100.2,28.09,199.0,-126.9,85.34,77.82,9.24,1.718,79.62,3.769,0.933,267.0,195.1,3.4,3.1,36.5,31.9,92.5,109.2,7.4,37.1,0.8,114.9,22.2,76.8,93,89,27.46,7.797,5.704,20,0,112.0,109.0,139.0,106.9,9.0,10.7,70.0,30.0,100,36.0,49.0,42,41.0,59.82,74.62,57.84,54.38,45.57,64.15,162.6,F5
52.0,52.2,40.11,39.9,70.55,70.3,80.82,80.5,78.3,70.44,51.24,52.17,114.0,28.02,87.2,-1.191,96.48,90.3,7.562,1.383,75.38,4.5,0.7813,266.3,194.8,4.8,6.4,35.1,30.6,86.9,98.8,9.6,36.2,0.9,106.9,19.8,67.5,88,84,13.65,3.404,6.14,20,0,112.7,109.4,137.0,105.9,10.2,12.3,70.0,30.0,100,85.0,57.0,42,57.59,60.36,67.21,58.94,55.36,98.18,50.69,-9.452,F5
56.5,56.8,45.11,44.9,71.12,71.1,80.95,80.5,77.89,71.05,54.8,56.67,108.9,33.89,75.76,-0.7351,93.09,79.18,15.3,1.392,70.53,4.641,0.7576,266.1,196.0,7.5,5.8,37.4,32.7,86.3,97.8,9.0,41.4,3.8,108.4,22.1,65.9,82,79,14.88,3.886,6.586,20,0,111.8,109.4,137.0,102.6,9.6,11.9,80.0,100.0,100,82.28,57.0,42,73.0,59.17,65.12,68.85,62.77,136.7,60.43,-12.01,F5
56.46,56.6,49.98,50.0,74.56,74.4,80.21,80.0,78.17,66.3,55.58,56.63,62.82,22.62,132.0,-91.81,52.88,45.67,8.601,1.389,48.2,3.857,0.9115,266.9,195.7,8.0,3.8,42.0,37.1,83.8,93.3,6.0,47.8,5.8,119.0,35.5,54.7,55,53,13.28,6.011,9.199,20,0,113.8,110.7,139.9,102.0,5.4,6.6,80.0,0.0,100,32.0,47.0,42,40.0,55.57,68.23,63.16,59.99,42.86,65.11,174.6,F5
53.6,53.6,49.94,50.0,62.97,62.5,66.29,65.6,65.11,59.75,53.53,53.77,37.26,13.2,60.26,-36.19,29.76,29.23,1.917,1.386,32.44,3.226,1.09,269.8,195.2,7.2,2.5,42.8,37.9,68.1,68.5,2.6,49.1,6.2,123.2,55.4,30.1,37,36,6.056,4.623,11.53,20,0,112.4,109.2,131.5,92.0,3.0,3.8,30.0,0.0,100,40.0,47.0,42,57.0,55.44,59.06,54.32,54.09,87.61,46.01,138.9,F5
52.08,52.2,39.99,39.8,70.63,70.4,81.07,80.8,78.38,70.52,51.16,52.29,116.5,30.0,87.67,-1.197,98.4,90.87,9.247,1.719,77.11,4.487,0.7837,267.8,195.3,5.2,6.4,34.7,30.3,87.2,99.3,10.1,36.8,1.8,107.1,19.9,68.5,90,86,13.53,3.305,5.964,20,0,110.7,108.0,136.5,105.2,10.4,12.4,70.0,30.0,100,85.0,57.0,42,58.44,60.19,66.76,58.78,55.69,109.7,71.85,-9.758,F5
53.43,53.6,49.9,50.0,62.4,62.2,65.51,65.3,64.54,59.34,53.33,53.6,34.99,10.9,58.46,-34.37,28.91,28.04,2.262,1.393,32.13,3.163,1.112,270.0,196.2,8.2,2.0,41.8,36.9,67.4,67.5,3.4,49.1,7.3,126.0,58.6,30.3,37,36,10.76,8.749,11.53,20,0,114.0,109.8,130.0,92.1,3.1,3.6,30.0,0.0,100,40.0,47.0,42,52.0,55.48,59.39,54.11,53.93,67.06,54.28,140.5,F5
43.85,43.8,40.03,39.8,64.77,64.7,68.33,68.1,67.24,52.83,43.83,43.98,39.74,12.19,160.8,-133.3,31.07,30.87,1.25,1.053,35.56,3.072,1.144,267.9,195.1,3.3,2.2,36.5,31.9,70.3,71.5,4.2,39.4,2.7,118.3,47.8,40.1,42,40,5.084,3.639,10.89,20,0,109.8,107.1,128.5,96.9,3.3,4.0,25.0,0.0,100,22.0,47.0,42,60.0,59.86,62.46,44.28,44.35,112.9,30.01,216.4,F5
51.59,51.7,44.12,44.1,65.59,65.4,71.9,71.5,70.56,64.18,51.36,51.76,71.01,15.07,71.91,-15.97,60.2,58.36,3.22,1.374,47.43,4.462,0.7879,270.4,193.5,6.5,4.2,37.6,32.9,75.7,79.9,6.3,41.7,4.1,105.7,30.2,46.9,53,51,9.439,3.781,9.433,20,0,109.2,106.9,133.0,99.3,6.1,7.8,44.58,0.0,100,65.0,51.0,42,55.0,59.33,63.77,53.5,52.74,81.56,77.28,50.96,F5
53.43,53.4,49.94,50.0,62.48,62.3,65.51,65.4,64.54,59.38,53.37,53.6,33.73,10.79,57.42,-34.49,28.44,27.91,1.918,1.386,32.15,3.11,1.131,267.3,195.3,7.9,2.0,42.1,37.2,67.7,67.5,3.7,49.1,7.1,126.0,58.6,30.4,37,36,13.56,11.44,11.53,20,0,113.6,109.6,129.0,91.1,3.2,3.4,30.0,0.0,100,40.0,47.0,42,52.0,55.44,59.39,54.15,53.97,65.71,46.03,137.4,F5
47.09,47.2,39.99,39.9,65.02,65.0,71.24,70.8,69.82,60.74,46.94,47.38,69.43,15.84,101.4,-47.8,57.78,56.58,3.585,2.386,46.62,4.358,0.8069,267.8,195.4,3.9,3.9,36.0,31.4,74.7,78.4,6.3,38.5,2.5,103.7,29.0,47.5,53,51,5.65,2.314,9.433,20,0,108.0,105.7,132.0,100.1,6.0,7.3,49.39,0.0,100,50.0,48.0,42,63.0,59.91,63.32,48.79,48.24,111.5,86.03,118.4,F5
51.43,51.6,44.0,44.1,66.0,65.6,72.63,71.7,70.97,64.42,51.36,51.64,74.62,18.74,73.67,-17.79,60.28,59.75,2.246,1.716,46.67,4.541,0.7743,270.1,194.8,6.3,3.6,37.6,32.9,75.3,79.4,5.9,41.9,4.2,105.9,30.2,46.5,52,50,-3.739,-1.425,9.553,20,0,110.7,108.0,134.5,100.5,6.1,7.7,27.68,0.0,100,65.0,51.0,42,60.0,59.21,63.23,52.1,52.0,111.7,53.89,51.04,F5
46.8,46.8,40.15,40.1,80.33,80.2,86.31,86.0,84.6,61.64,46.53,47.05,67.03,19.14,257.6,-209.7,53.93,51.74,4.236,2.046,56.43,3.36,1.046,269.2,194.7,2.8,3.4,37.1,32.4,89.4,103.2,6.6,39.2,2.1,119.5,30.1,71.5,65,62,10.34,4.388,8.219,20,0,112.2,108.2,137.0,103.3,5.8,6.9,50.0,0.0,100,23.0,49.0,42,29.0,60.11,75.8,49.12,48.24,29.26,101.7,215.1,F5
43.89,43.9,40.23,40.1,70.71,70.8,74.19,74.4,72.97,52.83,43.7,44.06,38.94,13.6,225.5,-200.1,29.72,28.19,2.912,1.384,37.96,2.753,1.277,268.7,195.0,2.8,1.9,37.1,32.4,76.3,80.9,4.4,39.9,2.5,124.2,47.9,48.9,44,42,5.553,4.055,10.6,20,0,111.3,108.0,134.0,100.6,3.6,3.8,30.0,0.0,100,15.0,48.0,42,45.54,60.11,67.12,45.72,45.08,46.53,69.89,235.1,F5
52.78,53.0,49.86,49.8,75.13,75.0,77.87,77.9,76.78,58.73,52.59,52.99,30.52,12.15,201.0,-182.6,23.95,22.41,3.275,1.732,35.08,2.401,1.465,267.2,196.7,6.0,1.7,43.8,39.0,79.5,85.9,3.5,49.6,6.0,143.6,64.1,47.1,40,39,11.98,11.17,11.04,20,0,120.2,114.7,139.0,99.4,2.6,3.2,45.0,0.0,100,10.0,47.0,42,23.89,56.1,70.48,54.4,53.77,20.28,78.59,237.4,F5
56.14,56.3,46.01,45.8,85.29,85.1,93.97,94.1,91.6,73.8,55.29,56.27,96.37,26.22,197.7,-127.6,83.11,76.19,7.982,1.063,80.79,3.617,0.9721,266.5,196.9,6.1,3.1,39.8,34.8,97.2,118.6,6.7,42.9,3.1,122.5,25.5,83.6,95,91,34.17,10.09,5.533,20,0,114.5,110.5,144.9,109.8,9.0,10.4,65.0,0.0,100,35.0,49.0,42,28.82,55.93,79.53,62.3,59.37,26.67,65.5,163.8,F5
56.42,56.6,49.98,50.0,74.56,74.6,80.25,80.0,78.26,66.3,55.54,56.63,62.82,22.0,132.0,-91.15,52.17,45.01,8.87,1.711,48.21,3.805,0.9241,265.0,194.3,8.0,3.8,41.8,36.9,83.8,93.3,5.9,47.8,5.8,119.0,35.5,56.1,55,53,10.76,4.873,9.199,20,0,113.8,110.7,137.0,99.1,5.4,6.8,80.0,0.0,100,32.0,47.0,42,40.0,55.57,68.27,63.16,59.99,41.56,67.14,174.6,F5
50.57,50.4,39.91,39.8,66.7,66.7,75.75,75.6,73.51,66.63,49.64,50.74,101.0,24.98,76.73,-0.7415,86.59,79.07,8.898,1.384,63.57,4.789,0.7342,267.8,194.9,4.8,5.6,35.0,30.5,81.3,88.9,9.1,37.3,2.3,102.7,21.4,58.4,73,70,13.01,3.664,7.424,20,0,110.7,108.6,136.5,105.2,9.2,10.6,70.0,0.0,100,100.0,57.0,42,86.62,59.95,63.85,56.94,54.05,153.7,74.05,-8.182,F5
48.48,47.8,39.7,39.1,68.13,67.8,75.87,75.4,73.63,63.4,48.05,48.57,86.48,25.02,114.4,-52.92,71.76,68.22,4.271,0.7234,54.86,4.599,0.7645,268.3,196.2,2.9,3.8,36.2,31.6,79.2,85.4,7.2,37.7,1.4,104.1,25.1,53.7,58,56,3.129,1.029,8.86,20,0,108.4,106.5,134.5,102.3,7.6,8.6,41.68,0.0,100,50.0,48.0,42,78.0,59.99,63.97,50.3,49.92,150.7,102.5,108.3,F5
50.61,50.0,40.44,40.7,67.27,68.1,75.83,75.7,73.55,66.06,49.56,50.61,95.05,25.32,83.2,-13.47,82.34,73.85,8.539,0.05362,57.05,5.074,0.6929,266.6,194.3,5.7,4.7,35.0,30.5,80.4,87.4,8.4,38.2,3.5,103.1,22.4,56.9,65,62,12.34,3.693,8.219,20,0,108.4,106.5,133.5,102.4,7.9,9.3,30.45,0.0,100,50.0,48.0,42,78.0,59.99,63.89,54.93,53.97,155.8,204.9,29.97,F5
44.43,44.3,40.36,40.2,66.08,65.8,69.97,69.5,68.59,53.78,44.4,44.64,43.73,15.51,166.7,-138.5,33.05,32.85,1.915,1.717,37.22,3.122,1.126,270.0,195.0,3.7,3.1,36.3,31.7,72.5,75.0,4.2,39.6,3.1,116.2,43.7,43.1,43,41,-0.3566,-0.2319,10.74,20,0,108.2,105.9,130.5,97.5,3.6,4.3,25.0,0.0,100,22.0,47.0,42,72.0,59.99,62.5,44.98,45.04,148.3,45.96,216.8,F5
46.39,46.4,39.33,39.2,70.67,70.6,76.81,76.7,75.27,61.02,46.12,46.6,68.74,17.27,159.5,-108.0,57.2,55.01,3.901,1.713,50.45,3.986,0.8821,268.7,194.5,3.2,3.9,36.0,31.4,80.4,87.4,6.6,38.0,2.0,108.6,28.4,56.0,57,55,9.872,4.085,8.971,20,0,108.8,106.3,134.5,102.6,6.1,7.2,50.0,0.0,100,33.0,48.0,42,50.67,60.15,67.62,48.66,47.87,55.52,93.63,176.0,F5
57.81,57.5,49.45,49.3,74.11,74.1,81.48,80.8,78.79,69.42,56.73,57.86,82.45,30.09,104.9,-52.51,67.92,59.08,9.225,0.3862,55.18,4.328,0.8124,268.5,194.8,8.3,4.7,41.0,36.1,85.2,96.3,6.9,46.4,5.4,114.0,28.8,60.4,64,61,4.107,1.417,8.323,20,0,114.2,111.1,141.4,104.7,6.7,8.2,90.0,0.0,100,44.14,47.62,42,50.0,55.48,66.47,64.06,61.09,65.73,74.65,117.3,F5
50.81,50.9,40.36,40.2,80.82,80.8,89.87,89.8,87.26,69.42,49.85,51.02,100.6,28.97,198.4,-126.8,85.61,77.7,9.641,1.73,79.19,3.801,0.925,266.7,196.5,3.5,2.7,36.7,32.1,92.5,109.2,7.3,37.1,0.8,116.2,23.9,77.3,93,89,26.67,7.545,5.704,20,0,112.0,108.8,139.9,107.2,9.0,10.8,60.0,30.0,100,36.0,49.0,42,46.0,59.91,74.78,57.8,54.54,46.75,71.14,162.3,F5
51.26,51.4,44.74,44.6,75.26,75.2,80.95,80.7,78.83,62.25,50.17,51.43,63.81,23.73,185.9,-145.8,53.18,44.3,10.26,1.389,50.24,3.722,0.9447,269.2,195.6,5.9,3.3,38.9,34.0,84.3,93.8,6.2,42.9,4.0,116.9,32.6,59.6,56,55,12.87,5.737,8.971,20,0,112.4,109.0,138.5,103.5,5.7,6.6,80.0,0.0,100,25.0,48.0,42,45.0,56.1,68.56,59.11,55.4,45.7,66.52,205.0,F5
56.14,56.3,49.94,49.8,65.31,65.1,70.59,70.3,69.25,65.2,55.91,56.27,58.8,14.9,45.1,-1.195,50.62,48.75,2.929,1.058,41.24,4.316,0.8147,267.3,196.0,9.0,3.5,40.8,35.8,73.8,77.0,5.5,47.7,6.9,111.8,38.2,41.1,47,45,12.48,6.035,10.19,20,0,112.4,109.8,134.0,97.3,5.2,6.5,50.0,0.0,100,80.0,56.0,42,48.0,55.44,62.21,58.04,57.29,52.83,70.29,-21.63,F5
50.89,50.6,45.07,44.8,66.0,66.1,71.04,70.8,69.54,61.1,50.79,50.98,56.55,16.87,94.71,-55.02,47.34,46.48,1.582,0.719,41.82,3.98,0.8835,269.6,194.9,6.5,3.6,38.3,33.5,74.4,78.0,5.4,43.0,4.7,110.5,36.4,44.5,47,45,9.435,4.745,10.19,20,0,109.2,106.9,132.5,97.8,4.9,5.8,0.0,0.0,100,36.9,47.34,42,66.0,59.37,63.11,51.33,51.31,108.3,37.97,137.3,F5
53.52,53.8,50.14,50.3,85.66,85.4,89.05,88.9,87.67,61.35,53.37,53.73,38.14,15.48,295.6,-272.9,30.13,28.81,3.203,1.888,43.15,2.455,1.432,269.5,214.4,6.5,2.3,43.8,39.0,91.2,106.7,4.9,49.5,5.7,145.4,54.6,67.2,49,47,14.99,11.18,9.926,20,0,122.2,115.6,139.0,99.2,3.5,3.5,40.0,0.0,100,5.0,49.0,56,20.0,55.69,80.19,54.89,54.34,15.16,76.86,243.2,F6
54.7,57.1,53.25,55.8,63.83,61.4,65.51,61.7,66.1,62.87,55.13,55.57,19.16,6.706,36.92,-11.05,13.0,16.83,3.954,7.78,1.682e-45,45.71,1.294e-46,274.3,215.5,0.3,0.3,55.7,52.2,62.0,60.1,0.0,56.3,0.4,107.1,45.1,8.2,0,0,-21.67,-32.16,23.27,6,0,110.1,107.5,49.2,0.0,0.3,1.1,0.0,0.0,100,100.0,56.0,56,30.0,59.7,64.13,55.38,55.16,36.3,94.9,149.3,F6
50.44,51.2,42.16,42.4,66.82,66.1,74.56,74.1,73.06,65.98,50.22,50.78,86.98,16.88,79.6,-9.493,73.77,71.73,5.014,2.975,56.24,4.612,0.7623,269.8,213.7,5.7,5.1,36.7,32.1,79.2,85.4,8.3,40.2,3.7,106.1,26.9,53.3,65,62,9.788,3.2,8.219,20,0,112.9,110.1,130.5,97.6,8.2,9.0,50.0,0.0,100,100.0,57.0,56,67.0,59.78,64.67,54.85,52.58,82.94,53.02,26.66,F6
55.6,55.5,51.37,51.2,85.41,85.3,89.54,89.2,88.04,64.75,55.54,55.69,46.5,16.89,262.1,-232.4,37.98,37.4,1.38,0.7945,47.37,2.819,1.247,270.0,215.4,7.4,2.6,43.8,39.0,92.0,108.2,5.6,50.1,6.3,138.4,46.4,69.4,54,52,17.4,10.64,9.315,20,0,118.8,113.1,138.5,98.2,3.9,4.3,0.0,0.0,100,15.0,49.0,56,17.86,55.57,80.14,55.91,55.89,16.49,33.12,231.5,F6
48.77,48.8,45.19,45.4,85.37,85.3,89.05,88.9,87.67,58.07,48.7,48.94,41.44,15.51,333.0,-307.1,31.95,31.37,2.105,1.522,45.8,2.453,1.433,270.0,214.4,4.9,2.3,40.4,35.4,91.2,106.7,4.7,44.6,4.3,141.0,49.2,71.9,52,50,12.45,8.543,9.553,20,0,117.8,112.0,137.0,100.4,3.6,3.5,30.0,0.0,100,5.0,49.0,56,18.0,58.19,80.43,49.98,49.59,16.73,50.51,244.6,F6
49.09,49.3,45.56,45.6,85.53,85.3,89.13,89.0,87.88,58.28,48.95,49.26,40.68,14.18,334.4,-307.9,31.62,30.31,2.84,1.524,45.31,2.454,1.433,271.1,214.6,5.3,2.6,40.3,35.3,91.0,107.2,4.7,44.9,4.6,142.0,50.7,71.8,52,50,13.47,9.419,9.553,20,0,119.9,113.8,136.5,100.1,3.5,3.7,25.0,0.0,100,5.0,49.0,56,18.0,58.35,80.8,50.14,49.83,15.16,68.17,246.5,F6
66.95,67.0,58.78,58.8,79.96,81.5,86.55,88.5,85.09,76.66,65.69,67.03,73.68,16.33,94.25,-36.9,73.49,62.21,12.07,0.797,62.04,4.165,0.8442,268.3,216.1,9.7,3.0,48.9,44.3,91.5,107.2,7.5,56.6,7.5,122.0,30.5,62.2,70,67,61.38,23.69,7.715,20,0,110.5,96.8,141.9,96.9,7.2,8.2,50.0,90.0,100,51.36,49.85,56,20.0,56.1,76.83,76.51,71.49,18.9,57.81,91.21,F6
51.63,51.9,44.29,44.1,66.29,66.2,73.17,72.8,71.66,64.75,51.4,51.8,77.01,16.81,77.45,-17.25,65.89,63.83,3.584,1.529,50.47,4.59,0.7661,268.8,215.3,6.1,4.5,38.0,33.2,77.3,82.4,7.9,41.9,3.9,105.9,28.6,49.7,57,55,11.35,4.194,8.971,20,0,110.1,107.3,129.5,95.7,6.6,7.8,37.18,0.0,100,65.0,51.0,56,60.0,58.8,63.89,53.41,52.78,79.29,86.02,47.26,F6
52.86,53.2,42.04,41.7,71.0,70.9,81.23,81.2,78.87,70.73,52.43,53.07,113.8,26.26,90.59,-3.015,97.58,93.67,5.815,1.905,75.7,4.532,0.7758,266.9,216.4,5.5,6.2,36.2,31.6,87.4,99.8,11.4,39.1,2.9,108.2,21.0,67.7,90,86,18.54,4.632,5.964,20,0,111.8,109.0,133.5,101.6,10.3,11.5,55.0,30.0,100,85.0,57.0,56,57.54,59.62,67.49,58.49,55.2,80.05,42.38,-9.078,F6
48.36,48.5,45.39,45.4,75.54,75.6,78.61,78.4,77.48,55.9,48.33,48.57,34.49,12.73,242.4,-220.7,26.5,26.28,2.108,1.89,36.88,2.526,1.392,269.7,214.6,4.4,2.0,41.0,36.1,80.4,87.4,3.7,45.3,4.5,137.8,57.4,51.5,43,41,8.789,7.248,10.74,20,0,118.5,113.6,133.5,96.3,2.8,3.1,20.0,0.0,100,10.0,48.0,56,25.0,58.51,71.18,48.79,48.81,24.13,50.59,240.5,F6
43.65,43.8,40.11,40.1,80.91,80.5,84.63,84.3,83.33,54.1,43.62,43.9,42.17,14.68,331.0,-303.5,31.69,31.47,2.479,2.262,43.14,2.583,1.361,271.8,215.1,1.8,1.2,38.3,33.5,85.5,96.3,1.2,39.9,1.4,129.8,44.3,61.6,50,48,6.304,4.252,9.8,20,0,114.7,109.8,135.0,100.7,3.6,3.7,20.0,0.0,100,8.0,49.0,56,23.0,59.7,75.97,44.57,44.47,21.66,59.5,245.9,F6
53.47,53.4,50.1,50.1,85.66,85.6,89.05,88.9,87.67,61.27,53.29,53.6,38.38,15.58,298.4,-275.6,30.42,28.72,2.864,1.167,43.16,2.477,1.419,271.2,216.5,6.5,1.8,43.6,38.8,90.7,105.7,4.5,49.6,5.6,145.1,55.1,67.2,49,47,15.16,11.23,9.926,20,0,122.2,115.6,139.4,99.8,3.6,3.3,40.0,0.0,100,5.0,49.0,56,20.0,55.73,80.35,54.77,54.26,15.19,68.75,245.1,F6
57.0,57.1,50.47,50.6,75.95,76.0,82.09,81.8,79.94,67.29,56.03,57.12,68.46,24.04,141.0,-96.61,58.75,50.06,9.864,1.165,51.48,4.013,0.8761,267.6,216.1,9.0,3.9,41.6,36.7,85.7,96.8,6.4,48.2,6.2,119.7,34.2,59.7,58,56,17.36,7.213,8.86,20,0,114.5,110.3,138.5,100.6,5.8,6.5,75.0,0.0,100,32.0,47.0,56,42.0,55.03,68.64,63.9,60.52,42.41,70.14,172.6,F6
60.31,60.5,50.02,50.0,75.34,75.2,84.96,84.7,82.47,75.11,59.43,60.4,106.5,27.5,81.55,-2.548,92.15,84.23,8.709,0.7916,70.78,4.578,0.7681,265.7,214.9,9.2,6.0,40.8,35.8,90.5,105.2,9.4,46.4,5.6,114.0,23.5,69.3,82,79,20.34,5.432,6.586,20,0,115.3,111.3,139.0,102.4,9.3,10.5,80.0,30.0,100,100.0,57.0,56,44.87,54.99,69.29,66.76,63.51,46.15,64.27,-8.758,F6
56.55,56.9,46.01,45.9,71.08,70.9,80.9,81.0,77.89,70.81,54.96,56.72,110.0,33.77,79.27,-3.035,94.39,80.23,15.68,1.527,72.25,4.593,0.7655,268.7,215.0,7.2,6.4,38.6,33.8,87.4,99.8,10.1,42.5,3.9,109.0,21.6,66.0,85,81,17.34,4.483,6.406,20,0,113.3,110.3,134.5,100.2,10.1,11.1,73.29,63.22,100,90.03,57.0,56,67.0,58.39,64.46,69.18,62.69,133.5,58.02,-3.269,F6
51.8,52.2,44.49,47.7,67.31,67.0,73.13,67.9,73.55,66.88,51.77,52.01,66.11,4.811,75.87,-4.946,65.93,65.71,2.128,1.908,1.682e-45,231.8,2.5500000000000004e-47,273.0,216.7,0.0,0.0,49.6,45.0,67.0,67.0,0.0,47.7,0.0,105.9,38.7,22.2,0,0,-0.6312,-0.2715,23.27,26,0,110.3,107.5,109.2,63.3,0.9,3.9,0.0,0.0,100,100.0,56.0,56,30.0,59.7,68.15,52.23,52.17,13.67,51.08,36.55,F6
55.97,56.1,49.82,50.0,65.51,65.3,71.16,70.8,69.78,65.28,55.7,56.06,63.4,15.47,50.51,-2.583,55.24,52.81,3.216,0.7937,42.86,4.531,0.776,269.4,215.3,8.0,3.9,41.8,36.9,74.7,78.4,6.4,48.0,6.2,110.9,35.7,41.5,49,47,14.16,6.353,9.926,20,0,112.2,109.0,132.0,94.1,5.4,6.3,50.0,0.0,100,80.0,56.0,56,47.0,55.03,61.96,57.88,57.04,53.57,77.19,-12.28,F6
51.43,51.6,42.4,42.4,80.82,80.7,89.42,89.0,87.22,69.62,51.07,51.64,96.3,24.61,197.2,-125.5,80.69,77.54,5.038,1.89,76.4,3.714,0.9468,268.8,214.6,6.2,5.3,36.2,31.6,94.3,112.7,8.7,39.8,3.6,118.8,24.5,81.3,90,86,21.52,6.356,5.964,20,0,112.9,108.6,135.0,103.1,8.5,9.2,50.0,30.0,100,36.0,49.0,56,35.45,59.37,75.52,54.48,53.15,36.59,91.04,163.1,F6
45.2,45.1,41.54,41.4,72.06,71.7,75.87,75.4,74.29,54.1,45.1,45.37,42.83,17.82,227.1,-202.1,32.76,31.81,2.477,1.526,39.41,2.923,1.203,270.1,214.9,4.2,2.5,37.2,32.5,77.9,83.4,4.1,40.7,3.3,122.2,44.6,50.7,45,43,3.986,2.647,10.46,20,0,109.2,106.3,130.0,96.5,3.9,3.6,20.0,0.0,100,15.0,48.0,56,51.79,59.7,66.18,46.0,45.94,65.98,59.45,232.3,F6
50.69,51.9,45.6,45.6,64.94,64.8,69.77,70.4,69.04,61.43,50.71,51.19,54.06,8.097,85.21,-39.24,45.73,45.88,4.323,4.473,44.57,3.608,0.9745,268.6,215.6,5.6,4.6,40.0,35.0,75.0,78.9,7.4,44.3,4.5,119.0,43.8,44.6,52,50,15.29,8.046,9.553,20,0,113.8,110.1,129.5,94.0,5.4,6.3,40.0,0.0,100,56.95,49.0,56,17.76,59.17,65.24,53.13,52.09,32.01,99.64,124.0,F6
56.01,56.3,47.32,47.2,84.14,84.7,91.96,92.6,90.42,72.94,55.74,56.1,88.21,17.4,197.2,-126.4,78.16,75.73,3.222,0.7952,73.85,3.721,0.9448,270.8,215.7,6.4,3.4,40.8,35.8,96.0,116.1,7.4,44.4,3.6,121.2,25.5,80.2,87,83,38.5,12.41,6.228,20,0,113.8,109.8,140.9,104.5,7.9,9.1,45.0,0.0,100,35.0,49.0,56,24.47,58.02,81.54,58.29,57.29,17.76,77.3,166.8,F6
46.47,46.6,39.62,39.6,71.41,71.1,77.92,77.8,76.25,61.35,46.2,46.68,73.41,18.78,168.1,-113.4,61.19,58.78,4.298,1.887,52.9,4.067,0.8645,270.7,214.3,4.2,3.7,35.4,30.9,81.5,89.4,6.6,38.4,3.0,108.6,27.1,58.0,60,58,9.933,3.848,8.641,20,0,109.8,106.7,132.0,100.2,6.6,7.0,45.0,0.0,100,33.0,48.0,56,45.56,59.66,67.57,49.07,48.03,56.95,99.06,176.0,F6
46.55,46.6,39.66,39.4,71.37,71.2,77.92,77.6,76.25,61.31,46.28,46.77,73.79,18.76,168.3,-113.3,62.08,59.65,4.334,1.903,52.78,4.136,0.8501,270.4,216.1,4.0,3.7,35.4,30.9,81.3,88.9,6.4,38.4,3.0,108.8,27.3,58.1,60,58,11.62,4.481,8.641,20,0,109.6,106.7,131.0,99.7,6.5,7.0,50.0,0.0,100,33.0,48.0,56,51.71,59.62,67.37,48.83,47.95,58.09,104.0,174.6,F6
56.01,56.1,49.86,50.0,65.47,65.4,71.16,70.6,69.74,65.28,55.74,56.06,63.86,15.93,50.05,-2.123,55.5,53.06,2.862,0.4283,42.85,4.554,0.7721,269.4,216.3,8.2,4.4,41.8,36.9,75.0,78.9,5.8,48.0,6.2,110.9,35.9,42.2,50,48,13.45,5.992,9.8,20,0,112.4,109.2,131.0,93.1,5.3,6.1,50.0,0.0,100,80.0,56.0,56,50.0,54.75,61.88,57.96,57.12,53.58,68.69,-16.22,F6
56.22,56.6,50.39,51.1,65.88,65.1,71.49,70.4,69.94,65.57,55.99,56.47,63.04,17.34,49.21,-3.509,52.39,50.33,4.326,2.268,41.87,4.399,0.7992,269.8,215.7,9.3,4.3,41.6,36.7,74.7,78.4,5.2,48.8,7.2,111.6,36.9,41.3,49,47,4.427,1.997,9.926,20,0,112.9,109.6,132.0,94.1,5.4,5.7,40.0,0.0,100,80.0,56.0,56,47.0,54.62,60.37,58.33,57.53,72.44,103.8,-6.146,F6
49.67,49.5,41.99,41.9,68.21,67.8,75.62,74.7,73.51,63.72,49.27,49.8,82.51,23.56,108.9,-49.98,68.58,65.07,4.669,1.158,53.43,4.513,0.779,267.3,214.6,5.6,4.8,36.3,31.7,79.5,85.9,7.3,39.6,3.3,106.1,26.4,55.3,60,58,4.459,1.537,8.641,20,0,108.8,106.3,132.5,100.3,6.9,7.6,31.45,0.0,100,50.0,48.0,56,70.0,59.54,63.6,51.49,51.02,139.1,112.1,107.6,F6
52.61,52.4,45.23,44.9,66.66,66.4,73.74,73.0,71.83,65.12,52.43,52.66,79.41,21.43,75.26,-17.27,66.18,64.49,2.112,0.4264,50.39,4.618,0.7614,269.1,215.1,6.9,4.9,38.0,33.2,77.9,83.4,7.3,42.9,4.9,107.3,29.4,50.2,58,56,3.862,1.383,8.86,20,0,111.1,108.4,130.5,96.7,6.6,7.5,22.54,0.0,100,65.0,51.0,56,60.0,58.72,62.82,53.01,52.99,125.2,50.7,38.5,F6
48.27,48.2,45.11,44.9,76.03,76.0,79.43,79.2,77.97,55.95,48.21,48.44,38.14,16.4,247.3,-225.6,28.34,27.76,2.108,1.524,38.62,2.58,1.363,269.5,214.7,3.9,2.1,41.0,36.1,81.3,88.9,4.0,44.6,3.6,134.7,53.4,53.5,45,43,4.157,3.1,10.46,20,0,114.0,109.4,134.0,96.8,3.3,3.3,20.0,0.0,100,10.0,48.0,56,29.0,58.1,70.32,48.79,48.81,32.22,50.59,239.3,F6
52.45,52.5,46.17,46.1,86.11,86.1,92.21,91.9,89.97,64.71,51.65,52.58,68.6,25.18,284.1,-240.7,56.43,49.22,8.373,1.163,61.45,3.229,1.089,270.0,215.7,5.6,4.1,40.3,35.3,96.0,116.1,6.6,44.3,4.2,128.5,33.0,81.0,72,69,18.67,7.74,7.52,20,0,116.4,111.1,139.0,103.2,5.8,6.6,60.0,0.0,100,20.0,49.0,56,32.0,58.19,78.63,58.45,55.61,29.56,70.68,223.2,F6
49.58,49.5,41.95,41.9,68.13,67.8,75.5,74.9,73.47,63.52,49.23,49.71,82.05,22.65,110.8,-51.35,68.38,65.22,4.313,1.16,53.31,4.509,0.7797,267.3,215.1,5.6,4.6,36.3,31.7,79.5,85.9,7.6,39.8,3.6,106.1,26.3,54.2,61,59,5.225,1.811,8.534,20,0,108.8,106.5,131.0,98.3,7.3,7.6,31.56,0.0,100,50.0,48.0,56,70.0,59.54,63.56,51.33,50.9,135.1,103.5,109.9,F6
58.84,58.9,49.57,49.5,71.2,71.1,80.04,79.9,77.27,71.1,57.63,58.93,97.74,30.63,68.3,-1.186,84.12,73.12,11.8,0.8024,62.38,4.741,0.7416,265.3,217.8,8.3,6.7,41.2,36.3,86.6,98.3,10.1,46.4,5.2,112.0,25.4,61.5,71,68,14.49,4.215,7.617,20,0,116.9,113.3,137.5,100.6,8.8,9.4,85.0,100.0,100,100.0,56.0,56,67.0,59.13,64.59,68.07,63.43,134.7,60.98,-18.72,F7
60.48,60.5,50.8,50.8,85.57,85.4,94.83,94.8,92.55,77.73,60.21,60.56,102.7,25.3,164.5,-87.09,87.04,84.61,3.224,0.7957,81.51,3.755,0.9364,266.4,215.9,8.5,6.8,42.1,37.2,101.6,127.6,10.8,47.3,5.3,126.0,25.2,89.9,95,91,26.46,7.329,5.533,20,0,117.1,111.6,139.0,101.1,9.4,9.9,55.0,0.0,100,46.0,49.0,56,30.0,59.82,81.0,62.26,61.42,28.67,77.38,129.4,F7
46.23,46.3,39.62,39.6,71.16,71.1,77.47,77.3,75.92,60.98,46.08,46.44,71.02,17.38,168.3,-114.7,58.8,57.49,3.191,1.881,52.2,3.961,0.8877,270.4,213.6,4.5,4.5,35.1,30.6,81.8,89.9,7.7,38.2,3.1,110.1,27.7,59.1,58,56,9.223,3.693,8.86,20,0,109.4,106.1,130.5,98.6,6.4,6.7,35.0,0.0,100,33.0,48.0,56,49.68,60.6,67.86,47.81,47.26,57.45,76.58,178.1,F7
43.65,43.6,40.4,40.4,71.12,71.1,74.52,74.6,73.43,52.71,43.66,43.9,38.17,12.27,232.8,-206.9,29.23,29.38,2.12,2.27,37.79,2.72,1.293,269.7,215.9,3.2,2.7,37.2,32.5,77.3,82.4,5.0,39.9,2.7,126.6,49.5,49.9,43,41,6.347,4.729,10.74,20,0,111.6,107.3,131.0,97.6,3.5,3.2,25.0,0.0,100,15.0,48.0,56,41.09,60.64,67.41,44.08,44.14,43.51,50.88,235.7,F7
55.36,55.3,46.5,46.3,85.12,84.9,93.72,93.7,91.52,73.27,55.13,55.53,96.47,24.66,204.9,-133.1,79.25,77.2,3.574,1.525,79.18,3.519,0.9991,269.3,214.7,6.4,6.0,39.8,34.8,99.7,123.6,10.8,43.6,3.6,124.5,24.8,89.1,93,89,18.61,5.487,5.704,20,0,115.3,110.3,139.4,103.8,8.9,8.9,50.0,0.0,100,35.0,49.0,56,30.0,59.66,80.31,57.02,56.3,28.66,85.77,167.9,F7
54.7,54.9,47.03,46.8,68.01,69.2,74.56,76.4,73.63,67.21,54.39,54.83,74.4,10.54,72.99,-9.127,68.78,65.99,3.949,1.161,54.65,4.425,0.7946,272.6,215.2,6.2,6.2,40.4,35.6,82.6,91.3,11.5,44.9,4.2,110.7,28.1,55.9,63,60,34.88,13.33,8.428,20,0,114.5,110.3,131.5,95.2,7.2,8.1,65.0,30.0,100,67.2,54.93,56,17.0,59.17,69.46,58.16,56.3,24.59,50.94,26.13,F7
60.52,60.6,50.31,50.3,75.83,75.9,85.53,85.3,83.13,75.68,59.84,60.56,107.3,26.57,82.38,-1.64,91.49,85.4,6.514,0.4263,71.69,4.487,0.7837,265.4,215.1,9.1,7.2,41.5,36.6,92.5,109.2,10.9,46.8,5.6,116.2,23.7,72.8,81,78,16.08,4.262,6.677,20,0,119.5,114.9,139.4,102.3,9.6,10.3,69.73,23.15,100,100.0,57.0,56,50.63,59.7,71.26,64.92,62.65,55.16,68.88,-9.737,F7
48.32,48.3,44.7,44.8,66.45,66.4,70.05,69.8,68.8,55.9,48.13,48.44,40.48,14.11,144.9,-118.6,32.49,30.8,2.852,1.163,35.9,3.182,1.105,269.8,215.5,5.0,3.0,39.8,34.8,72.8,75.5,5.3,44.3,4.3,123.5,50.3,40.5,40,39,7.804,5.484,11.04,20,0,113.1,108.4,128.0,92.1,3.4,3.5,35.0,0.0,100,23.0,47.0,56,60.0,59.99,62.91,49.85,49.3,116.0,68.44,212.4,F7
56.75,56.8,46.05,45.9,76.07,76.2,86.39,86.1,83.83,74.37,56.19,56.88,115.4,28.7,105.7,-19.06,96.78,91.75,6.205,1.171,80.8,4.211,0.8349,268.4,217.1,7.6,7.6,38.5,33.7,93.7,111.7,11.9,42.5,4.2,115.6,22.0,77.5,95,91,15.45,3.808,5.533,20,0,114.7,110.7,136.0,101.8,10.1,10.9,65.0,0.0,100,70.0,53.0,56,53.0,59.54,71.18,60.95,58.92,59.17,73.57,35.5,F7
48.93,49.0,45.39,45.4,85.45,85.3,89.01,88.7,87.72,58.16,48.86,49.06,39.91,14.53,331.3,-306.0,31.65,31.06,1.743,1.158,45.31,2.456,1.432,269.0,214.8,4.8,3.0,40.8,35.9,92.0,107.7,5.9,44.9,4.1,142.6,50.3,71.6,51,49,16.25,11.58,9.675,20,0,119.9,113.6,136.5,99.6,3.4,3.4,30.0,0.0,100,5.0,49.0,56,19.0,59.78,80.72,49.4,49.34,16.66,41.82,243.8,F7
43.69,43.8,40.07,40.1,65.84,65.3,69.64,69.2,68.39,53.12,43.75,43.94,42.57,14.04,170.8,-142.2,32.44,32.95,1.746,2.262,36.56,3.119,1.127,268.4,215.2,3.9,3.0,36.0,31.4,72.2,74.5,4.9,39.4,3.8,116.9,44.5,43.4,42,40,0.9428,0.6299,10.89,20,0,108.2,105.3,127.0,95.1,3.8,3.7,25.0,0.0,100,22.0,47.0,56,53.0,58.27,61.84,44.12,44.18,94.3,41.9,216.6,F7
56.55,56.0,50.76,52.0,76.69,77.9,81.72,81.3,80.14,66.92,55.74,56.43,55.78,17.54,146.5,-108.3,51.24,44.13,6.073,-1.029,38.98,4.621,0.7609,265.9,212.4,10.4,2.5,41.8,36.9,83.8,93.3,5.3,49.5,7.5,122.5,38.7,55.7,46,44,23.01,11.73,10.32,20,0,115.3,110.5,135.5,97.1,3.4,3.6,30.0,0.0,100,10.0,47.0,56,41.95,59.33,70.28,60.5,59.17,38.47,109.8,185.8,F7
47.74,48.8,41.87,42.0,76.81,76.2,82.71,82.3,81.74,63.4,47.96,48.24,66.88,11.0,208.1,-152.2,52.71,54.69,2.484,4.471,55.23,3.355,1.048,272.3,215.5,4.6,5.1,37.4,32.7,87.4,99.8,8.2,40.4,3.0,124.5,36.8,67.1,63,60,5.396,2.295,8.428,20,0,116.2,110.7,133.0,99.3,6.3,6.8,0.0,0.0,100,38.62,49.0,56,17.0,60.85,76.54,48.17,48.11,16.82,59.61,200.7,F7
43.52,43.6,40.23,40.1,71.2,71.1,74.6,74.6,73.51,52.63,43.46,43.78,38.31,12.32,235.5,-209.5,29.39,28.81,2.836,2.254,37.71,2.74,1.283,270.7,214.4,3.1,2.9,37.1,32.4,77.3,82.4,5.3,39.9,2.8,126.8,49.0,50.0,43,41,6.33,4.699,10.74,20,0,113.6,109.2,129.0,95.6,3.3,3.4,25.0,0.0,100,15.0,48.0,56,40.29,60.68,67.41,43.87,43.94,43.94,68.07,237.6,F7
56.55,56.8,50.31,50.6,76.2,76.2,82.17,81.3,80.18,67.12,55.82,56.67,65.93,21.98,144.1,-100.1,56.17,49.68,7.651,1.165,38.62,5.113,0.6876,264.8,216.1,5.6,1.6,44.8,40.0,82.9,91.8,4.2,48.7,4.3,122.2,39.1,52.2,45,43,4.283,1.847,10.46,20,0,115.1,110.7,135.5,94.4,4.8,6.4,40.0,0.0,100,10.0,47.0,56,34.98,59.37,70.07,61.85,59.29,49.32,71.83,173.5,F7
51.18,51.4,42.08,42.0,81.07,81.0,89.75,89.6,87.51,69.5,50.75,51.31,96.99,25.01,201.3,-129.3,81.56,77.67,5.046,1.159,77.32,3.709,0.948,268.2,215.0,5.0,6.6,36.9,32.2,96.0,116.1,10.9,39.8,2.9,119.7,23.5,83.7,89,85,23.08,6.769,6.052,20,0,112.9,108.8,135.5,102.9,8.6,9.5,45.0,0.0,100,36.0,49.0,56,39.01,60.4,75.93,54.68,53.07,38.66,75.0,164.7,F7
44.26,44.3,40.73,40.5,80.95,80.8,84.71,84.7,83.42,54.51,44.24,44.47,42.27,14.56,324.5,-296.8,31.74,31.52,2.116,1.897,44.58,2.503,1.405,269.4,215.4,3.1,2.2,37.4,32.9,86.9,98.8,5.1,40.2,2.6,134.1,47.2,65.8,50,48,7.548,5.079,9.8,20,0,116.2,110.5,135.0,100.8,3.7,3.6,15.0,0.0,100,8.0,49.0,56,23.0,60.77,76.46,44.69,44.72,22.26,50.78,243.3,F7
55.15,55.3,45.35,45.3,69.77,69.7,79.06,78.9,76.5,69.7,54.19,55.32,103.0,28.44,75.29,-0.7349,88.36,79.65,10.25,1.536,66.69,4.658,0.7548,266.0,216.4,7.6,6.8,37.7,33.0,85.7,96.8,10.8,41.9,4.2,109.2,23.0,63.6,76,73,15.24,4.21,7.139,20,0,112.9,109.8,133.0,99.5,9.2,10.0,74.23,44.23,100,92.89,57.0,56,65.56,59.41,64.71,63.0,59.17,128.9,64.27,-15.41,F7
53.72,53.8,49.77,50.0,64.36,64.0,67.97,67.8,66.83,60.57,53.61,53.85,40.68,12.8,70.72,-42.84,35.32,34.37,2.11,1.159,35.18,3.531,0.9959,271.1,214.9,8.4,3.4,41.6,36.7,71.2,73.0,5.0,48.8,7.3,123.5,52.3,35.9,40,39,16.36,11.44,11.04,20,0,114.7,110.1,128.5,90.9,3.6,3.8,30.0,0.0,100,40.0,47.0,56,67.0,59.21,61.51,54.52,54.17,133.2,50.64,139.3,F7
47.29,47.5,41.38,41.2,80.66,80.7,86.51,86.5,84.93,61.68,47.1,47.5,65.97,17.84,262.1,-214.0,53.39,51.69,3.608,1.909,57.55,3.262,1.078,270.5,216.8,4.3,4.7,36.9,32.2,91.0,106.2,8.0,39.8,2.9,123.0,31.7,74.0,65,62,13.31,5.739,8.219,20,0,113.3,108.8,135.0,102.4,5.5,6.3,36.03,0.0,100,23.0,49.0,56,26.0,60.56,76.79,49.2,48.48,26.39,86.59,217.2,F7
56.22,56.5,49.69,49.8,66.29,66.2,72.39,72.0,70.8,66.18,55.95,56.35,67.83,17.61,51.42,-1.194,58.65,56.23,3.591,1.164,45.23,4.56,0.7711,266.9,215.7,8.3,5.3,41.5,36.6,77.3,82.4,7.9,47.7,6.2,111.3,34.3,45.3,51,49,12.95,5.429,9.675,20,0,112.7,109.4,132.0,94.4,5.8,6.7,50.0,0.0,100,80.0,56.0,56,60.0,59.17,63.23,58.33,57.45,104.0,86.18,-24.96,F7
50.77,50.6,43.96,43.8,66.53,66.2,73.08,72.7,71.38,63.36,50.62,50.94,74.73,19.47,91.53,-36.27,61.2,59.88,2.853,1.531,48.71,4.417,0.796,273.9,215.6,5.3,5.2,38.5,33.7,77.9,83.4,8.1,42.0,3.4,107.5,29.4,49.7,54,52,1.126,0.4284,9.315,20,0,110.9,108.0,131.0,96.3,6.3,6.8,35.28,0.0,100,55.0,50.35,56,60.0,59.54,63.44,52.19,51.64,119.7,68.48,94.71,F7
59.7,60.2,52.44,53.2,70.22,69.5,77.06,75.7,74.98,69.99,58.69,59.95,75.95,23.05,55.46,-2.557,65.35,56.29,11.33,2.27,48.1,4.777,0.7361,266.7,216.0,11.6,5.0,41.6,36.7,80.7,87.9,6.5,50.0,8.2,114.5,33.5,51.0,54,52,10.82,4.05,9.315,20,0,113.8,110.3,133.5,95.6,6.3,7.0,20.0,0.0,100,80.0,56.0,56,67.0,59.09,63.93,63.0,62.53,114.2,272.0,-3.978,F7
48.89,48.5,41.59,41.2,67.56,67.2,74.68,74.3,72.73,62.78,48.74,48.94,79.46,21.77,111.0,-53.27,65.06,63.74,1.735,0.4233,52.41,4.364,0.8056,267.7,213.8,5.8,5.5,35.4,30.9,79.8,86.4,8.7,39.2,3.8,107.1,27.3,55.5,59,57,1.769,0.6332,8.75,20,0,108.8,106.3,130.0,98.2,7.1,7.3,20.0,0.0,100,50.0,48.0,56,73.0,60.36,63.81,49.32,49.34,151.4,41.63,113.9,F7
60.31,60.5,50.59,50.6,85.53,85.3,94.78,94.8,92.51,77.69,60.04,60.4,102.5,25.25,164.1,-86.91,87.4,84.97,3.223,0.795,81.8,3.757,0.9359,265.8,215.8,8.6,6.5,41.8,36.9,101.3,127.1,10.8,47.2,5.4,126.3,25.2,90.5,96,92,28.78,7.988,5.448,20,0,117.4,112.2,141.4,103.7,9.4,10.1,55.0,0.0,100,46.0,49.0,56,27.0,59.78,80.92,62.09,61.3,28.66,77.36,128.2,F7
60.48,60.6,50.22,50.3,75.83,75.7,85.49,85.1,83.01,75.64,59.76,60.56,106.9,27.48,81.49,-2.094,91.6,85.16,7.228,0.7905,71.96,4.475,0.7856,265.5,214.5,9.5,7.1,40.8,35.9,92.2,108.7,11.3,46.6,5.8,116.2,24.0,72.4,84,80,18.23,4.85,6.496,20,0,117.4,113.3,138.0,101.6,9.4,10.3,73.26,25.5,100,100.0,57.0,56,47.1,59.5,71.01,65.17,62.81,57.27,73.77,-11.95,F7
51.18,51.2,42.08,42.0,80.99,80.8,89.67,89.6,87.39,69.42,50.75,51.27,97.24,25.54,201.4,-129.7,82.1,78.19,4.71,0.7983,77.1,3.744,0.9391,268.9,216.4,5.3,6.6,36.7,32.1,96.0,116.1,10.4,39.8,2.9,119.9,23.7,83.9,88,85,23.85,6.977,6.052,20,0,113.3,108.6,137.0,78.7,8.8,9.2,45.0,0.0,100,36.0,49.0,56,35.82,60.4,75.72,54.19,52.95,40.0,90.72,164.5,F7
51.43,51.6,42.69,42.5,80.46,80.5,88.73,88.7,86.73,69.25,51.12,51.6,92.96,22.4,196.5,-126.0,78.85,76.04,4.345,1.538,72.83,3.807,0.9236,269.8,216.6,5.1,5.8,37.4,32.7,94.5,113.2,10.2,40.5,3.3,118.3,23.6,81.0,84,80,23.2,7.099,6.496,20,0,112.9,109.0,135.0,101.8,8.3,9.1,45.0,0.0,100,36.0,49.0,56,33.89,60.23,75.93,53.99,52.91,34.26,96.35,165.4,F7
48.97,49.5,45.48,45.6,85.53,85.3,89.05,88.7,87.8,58.24,48.9,49.1,39.49,14.09,331.7,-306.3,31.42,30.84,1.751,1.164,45.28,2.44,1.441,269.3,215.8,4.4,3.3,40.8,36.1,91.7,107.7,5.6,44.9,3.9,142.6,51.3,72.3,52,50,16.91,12.18,9.553,20,0,118.8,112.4,136.0,98.9,3.4,4.1,25.0,0.0,100,5.0,49.0,56,19.0,59.66,80.88,49.36,49.38,15.94,42.03,244.3,F7
56.09,56.8,50.84,50.8,83.08,82.7,88.27,88.3,86.86,67.82,56.03,56.39,58.85,16.07,215.5,-172.7,47.18,46.59,3.218,2.632,55.65,2.981,1.18,271.7,215.4,7.6,5.2,43.3,38.5,93.5,111.2,8.4,49.3,6.0,139.7,45.9,72.9,65,62,14.62,7.064,8.219,20,0,123.2,116.4,138.0,98.8,5.5,6.2,30.0,0.0,100,31.21,49.0,56,18.0,60.03,80.27,57.18,56.75,19.06,77.23,213.0,F7
61.29,61.1,51.29,50.9,85.57,85.4,94.99,95.0,92.3,77.56,60.62,61.38,104.2,29.75,163.1,-88.62,90.41,84.27,6.94,0.8,82.38,3.859,0.9111,265.5,216.9,8.1,3.7,42.8,37.9,98.7,121.6,7.9,47.7,4.9,124.2,25.3,83.7,99,95,33.97,9.275,5.194,20,0,111.1,103.7,141.4,102.7,9.6,10.2,70.0,0.0,100,46.0,49.0,56,32.0,56.06,78.92,66.35,63.92,31.23,68.45,128.3,Normal
56.75,57.1,50.68,50.4,84.51,84.3,90.44,90.3,88.57,69.25,56.56,56.92,66.39,20.92,216.1,-170.7,54.7,53.01,3.229,1.534,56.98,3.376,1.042,268.5,216.1,7.8,3.2,42.8,37.9,93.5,111.2,6.5,48.5,5.9,129.0,35.5,73.5,66,63,15.9,6.81,8.116,20,0,117.1,112.0,141.9,102.7,5.8,6.3,45.2,0.0,100,25.0,49.0,56,20.0,55.81,80.06,58.41,57.78,20.7,77.49,202.6,Normal
49.01,49.8,41.18,41.2,74.64,74.3,82.09,82.0,80.96,66.84,49.03,49.3,83.54,12.7,158.4,-87.52,70.4,70.55,2.485,2.635,62.39,3.968,0.8862,269.1,215.6,4.5,4.9,36.7,32.1,86.9,98.8,7.8,39.6,2.9,113.3,26.4,66.4,73,70,16.19,5.513,7.424,20,0,115.1,111.1,135.5,102.3,7.7,8.6,50.0,30.0,100,85.0,57.0,56,68.0,56.59,75.03,49.44,49.38,16.54,59.64,149.2,Normal
51.63,51.7,45.56,45.6,85.29,85.1,91.26,91.0,89.15,64.13,50.95,51.84,66.92,23.69,280.1,-236.9,54.29,48.21,7.961,1.889,59.2,3.224,1.091,268.7,214.5,5.6,3.3,40.0,35.0,94.3,112.7,6.3,43.9,4.1,127.1,32.5,77.1,69,66,14.78,6.282,7.814,20,0,116.0,111.6,140.9,103.9,5.9,6.3,60.0,0.0,100,20.0,49.0,56,26.0,55.65,78.75,57.8,54.87,24.61,65.32,222.5,Normal
43.69,43.8,40.07,39.9,65.02,64.8,68.74,68.4,67.69,52.83,43.54,43.9,41.75,11.78,166.6,-136.6,32.31,31.0,3.202,1.888,36.29,3.13,1.123,269.1,214.4,2.7,2.8,37.2,32.5,71.2,73.0,3.9,39.8,2.6,116.2,45.6,40.0,42,40,3.099,2.111,10.89,20,0,110.5,107.5,130.0,96.6,3.6,3.9,25.0,0.0,100,22.0,47.0,56,60.0,59.37,62.29,45.18,44.76,96.88,76.84,219.0,Normal
46.1,46.3,39.66,39.4,69.36,69.4,75.7,75.4,73.96,60.0,45.87,46.27,71.51,19.69,157.3,-105.5,57.54,55.49,3.568,1.521,50.07,4.04,0.8703,270.5,214.3,3.6,3.8,35.8,31.3,79.2,85.4,6.5,38.5,2.5,107.3,27.8,54.0,56,54,0.9276,0.3689,9.084,20,0,109.2,106.9,132.0,100.1,6.2,6.9,50.0,0.0,100,33.0,48.0,56,42.69,55.85,65.65,48.26,47.5,48.23,85.63,175.1,Normal
48.77,48.8,45.19,45.1,85.21,84.9,88.81,88.5,87.47,58.07,48.66,48.94,40.66,15.1,331.9,-306.3,32.14,31.19,2.485,1.531,45.27,2.496,1.408,271.0,215.6,4.1,2.2,41.0,36.1,91.0,105.7,4.9,44.8,3.6,139.7,48.7,69.4,52,50,15.3,10.7,9.553,20,0,119.5,114.0,139.0,102.3,3.6,3.7,30.0,0.0,100,5.0,49.0,56,20.0,56.1,80.51,50.06,49.59,14.85,59.64,245.5,Normal
56.59,57.1,50.43,50.8,76.07,75.2,82.17,80.8,80.02,67.29,55.78,56.8,67.95,24.03,141.8,-97.91,55.11,47.92,9.073,1.892,48.78,3.972,0.8852,267.4,214.8,8.0,3.2,42.8,37.9,84.0,93.8,4.8,48.3,5.5,119.2,35.2,55.9,55,53,3.624,1.517,9.199,20,0,114.9,111.1,138.0,99.0,5.8,6.3,70.0,0.0,100,32.0,47.0,56,39.0,55.36,68.23,63.94,60.28,44.81,59.47,177.0,Normal
63.71,63.7,60.5,60.2,67.56,68.7,70.59,72.7,69.66,67.08,63.52,63.84,34.4,10.54,29.26,-5.404,28.85,27.15,2.855,1.164,41.15,2.465,1.427,272.6,215.8,10.6,0.1,49.1,44.5,72.8,75.5,4.8,60.2,10.8,113.3,40.5,30.2,45,43,21.63,17.88,10.46,20,0,105.9,87.2,135.5,89.7,4.0,3.7,60.0,90.0,100,58.22,50.76,56,20.0,57.08,65.2,69.79,65.19,31.17,14.89,19.61,Normal
58.84,58.5,50.27,50.1,69.97,69.2,78.08,77.1,75.31,69.78,57.59,58.8,90.44,30.92,61.64,-2.111,76.86,65.63,10.92,-0.3084,55.56,4.863,0.7229,267.8,215.2,9.0,4.7,41.0,36.1,81.8,89.9,6.5,47.0,5.8,109.8,28.3,53.6,65,62,7.804,2.454,8.219,20,0,113.8,110.9,137.0,100.3,7.7,8.5,50.0,0.0,100,80.0,56.0,56,63.0,55.07,62.37,63.24,62.32,101.6,262.2,-17.33,Normal
45.86,45.9,39.54,39.2,69.07,68.9,75.17,75.0,73.67,59.79,45.63,46.11,68.19,16.78,155.1,-103.7,56.64,54.59,4.313,2.261,49.2,4.048,0.8686,268.3,215.1,3.4,3.9,36.0,31.4,78.9,84.9,6.6,38.4,2.6,107.7,28.8,54.1,55,53,8.594,3.585,9.199,20,0,109.0,106.5,131.5,99.1,6.1,6.5,50.0,0.0,100,33.0,48.0,56,40.82,55.93,65.77,47.97,47.21,40.94,103.5,173.9,Normal
49.3,49.1,40.15,39.8,78.33,78.4,86.72,86.8,84.69,67.45,48.82,49.47,93.41,22.64,191.8,-121.1,81.79,77.54,5.769,1.524,72.57,3.962,0.8873,267.1,214.6,3.0,2.8,36.9,32.2,89.6,103.7,7.1,37.7,0.8,112.0,22.4,71.3,86,82,31.72,9.657,6.317,20,0,111.8,109.2,138.0,105.1,8.5,9.2,70.0,0.0,100,36.0,49.0,56,34.0,55.81,73.76,53.66,51.47,30.27,63.29,159.2,Normal
60.35,59.7,49.9,49.1,77.02,77.6,86.88,87.0,83.74,74.17,58.85,60.28,108.9,34.64,105.7,-31.45,93.2,79.84,12.68,-0.6711,73.64,4.45,0.7902,264.8,213.9,7.8,5.5,41.5,36.6,92.5,109.2,9.5,45.9,4.7,114.9,22.0,73.4,87,83,18.59,4.856,6.228,20,0,115.1,111.8,141.4,104.7,9.4,10.4,90.0,0.0,100,53.79,49.07,56,50.0,55.32,69.83,68.07,64.7,57.3,90.19,64.73,Normal
48.85,48.3,44.78,44.6,65.55,65.4,69.4,69.0,67.98,56.6,48.7,48.85,43.32,15.98,128.1,-100.8,36.2,34.89,1.368,0.05892,35.68,3.567,0.9856,270.2,213.5,4.6,2.9,40.0,35.0,71.9,74.0,3.6,43.8,4.0,114.5,42.3,38.5,42,40,10.65,6.995,10.89,20,0,109.2,107.1,129.5,93.2,3.6,3.7,35.0,0.0,100,23.0,47.0,56,55.0,55.16,60.78,49.81,49.47,68.24,32.83,196.6,Normal
49.67,49.6,40.23,39.9,65.39,65.3,74.27,74.1,72.12,65.24,49.11,49.8,99.56,24.17,77.05,-1.661,84.67,79.68,6.159,1.162,62.15,4.79,0.734,269.0,215.4,4.7,5.4,35.1,30.6,79.5,85.9,9.2,37.8,2.4,102.7,23.0,55.5,72,69,9.806,2.801,7.52,20,0,112.2,109.8,132.5,100.9,8.8,9.8,70.0,0.0,100,100.0,57.0,56,73.34,58.35,62.82,55.54,52.33,129.6,46.03,-9.157,Normal
45.82,45.9,39.46,39.4,69.16,69.0,75.25,75.0,73.75,59.79,45.63,46.07,68.68,16.91,157.2,-105.4,56.91,55.23,3.94,2.257,49.23,4.065,0.865,270.3,214.7,3.2,4.2,36.0,31.4,79.2,85.4,6.7,38.4,2.4,107.5,28.3,53.5,55,53,7.842,3.248,9.199,20,0,108.8,106.5,132.5,100.4,6.1,6.5,50.0,0.0,100,33.0,48.0,56,40.55,56.02,65.85,47.97,47.21,41.24,94.56,175.3,Normal
43.65,43.8,40.03,39.9,65.06,65.0,68.78,68.6,67.65,52.83,43.58,43.9,41.57,12.64,165.4,-136.5,32.41,31.83,2.846,2.261,36.23,3.145,1.118,267.9,215.0,2.7,2.3,37.2,32.5,70.9,72.5,4.1,39.8,2.6,115.7,44.8,39.5,42,40,4.042,2.766,10.89,20,0,109.4,106.9,129.0,95.3,3.8,3.9,25.0,0.0,100,22.0,47.0,56,63.0,59.33,62.21,45.14,44.76,105.4,68.3,216.3,Normal
48.19,48.2,45.23,45.1,75.22,75.0,78.28,78.1,77.11,55.74,48.13,48.36,34.39,13.15,239.4,-218.2,26.65,26.07,2.121,1.533,37.11,2.525,1.392,268.9,215.9,4.1,2.0,41.0,36.1,80.1,86.9,3.9,45.1,3.9,136.2,56.4,50.6,44,42,9.919,8.203,10.6,20,0,118.1,113.8,135.5,98.6,2.9,3.1,20.0,0.0,100,10.0,48.0,56,23.0,55.77,70.77,48.75,48.73,21.05,50.9,239.6,Normal
60.48,60.6,50.47,50.4,85.49,85.3,94.99,95.0,92.34,77.32,59.63,60.61,104.7,29.2,165.7,-90.13,90.29,82.68,8.778,1.168,83.17,3.817,0.9211,264.6,216.6,8.4,5.6,42.0,37.1,100.9,125.1,10.2,46.8,4.8,124.5,23.6,87.9,100,96,32.41,8.803,5.11,20,0,115.6,110.7,143.4,105.4,9.7,10.2,70.0,0.0,100,46.0,49.0,56,32.0,55.81,79.98,66.31,63.39,28.99,72.03,132.6,Normal
48.23,48.3,44.94,44.9,64.69,64.7,67.92,67.8,66.87,55.25,48.09,48.4,36.21,11.77,130.2,-105.8,29.2,27.89,2.817,1.512,33.77,3.04,1.157,268.8,213.0,4.7,2.5,40.1,35.1,70.3,71.5,3.9,44.4,4.3,123.0,52.7,36.4,39,38,9.105,7.151,11.2,20,0,111.1,108.2,128.5,92.2,3.1,3.5,35.0,0.0,100,23.0,47.0,56,48.0,55.2,61.06,49.52,49.1,48.16,67.62,211.2,Normal
58.96,59.1,49.77,49.6,70.42,70.3,78.94,78.7,76.21,70.32,57.42,59.13,94.79,30.39,65.6,-1.195,82.54,68.71,15.36,1.531,60.44,4.802,0.7322,267.2,215.6,8.8,5.1,40.8,35.9,83.8,93.3,8.1,46.4,5.6,109.6,25.8,58.0,70,67,17.36,5.208,7.715,20,0,114.2,111.1,138.0,100.1,8.6,9.5,80.0,100.0,100,100.0,56.0,56,56.81,54.95,63.52,70.69,64.78,85.11,62.34,-12.67,Normal
63.38,62.9,53.46,53.0,85.78,85.6,94.91,95.0,92.06,78.22,62.38,63.31,101.4,31.67,153.6,-83.94,89.12,80.07,8.367,-0.6761,80.58,3.888,0.9042,266.5,215.5,9.3,3.7,43.5,38.7,98.7,121.6,8.2,49.5,5.9,124.7,26.3,83.3,96,92,37.51,10.52,5.448,20,0,109.8,101.1,143.4,102.1,9.6,10.1,60.0,0.0,100,46.0,49.0,56,37.0,56.34,78.02,68.44,66.13,35.08,86.9,127.6,Normal
47.95,48.0,45.02,44.8,75.09,74.9,78.12,77.9,77.03,55.5,47.92,48.16,33.85,12.21,240.7,-219.1,25.98,25.76,2.096,1.88,36.89,2.476,1.42,268.3,213.4,3.8,1.9,41.0,36.1,79.8,86.4,3.6,44.8,3.8,135.6,55.8,50.8,43,41,9.213,7.741,10.74,20,0,115.6,111.3,134.0,96.9,2.9,3.2,20.0,0.0,100,10.0,48.0,56,23.0,55.57,70.89,48.42,48.4,19.12,50.3,239.6,Normal
48.23,48.3,44.98,44.9,64.73,64.7,67.97,67.6,66.87,55.29,48.13,48.4,36.58,12.36,131.1,-106.9,29.09,28.14,2.477,1.526,33.8,3.027,1.162,271.6,214.9,4.7,3.0,40.1,35.1,70.6,72.0,4.1,44.4,4.4,123.0,52.7,35.9,39,38,7.459,5.799,11.2,20,0,110.9,107.7,130.0,93.9,2.9,3.5,35.0,0.0,100,23.0,47.0,56,48.0,55.16,61.06,49.52,49.14,50.19,59.44,213.3,Normal
43.65,43.8,40.03,39.9,65.06,65.0,68.78,68.7,67.65,52.79,43.5,43.9,41.67,12.68,166.3,-137.3,32.32,31.0,3.568,2.254,36.28,3.132,1.123,268.5,214.4,2.7,1.9,37.2,32.5,70.6,72.0,4.9,39.8,2.6,115.7,44.4,40.3,42,40,3.387,2.311,10.89,20,0,110.3,107.3,129.5,95.8,3.9,3.9,25.0,0.0,100,22.0,47.0,56,63.0,59.37,62.33,45.14,44.68,102.8,85.64,218.5,Normal
59.08,59.4,49.98,50.0,70.55,70.4,79.06,78.9,76.33,70.44,57.54,59.25,94.59,30.33,65.46,-1.192,81.5,67.72,15.3,1.525,59.92,4.783,0.7352,266.6,214.8,8.8,5.1,41.0,36.3,84.3,94.3,8.4,46.8,5.6,110.3,25.8,57.7,70,67,13.88,4.174,7.715,20,0,117.6,114.5,137.0,100.1,8.6,9.4,70.0,100.0,100,100.0,56.0,56,55.66,55.28,64.09,71.64,65.15,82.56,56.62,-9.21,Normal
56.34,56.5,45.43,45.1,75.3,75.4,85.65,85.3,83.05,73.63,55.5,56.51,115.2,29.0,104.7,-18.5,97.21,89.69,9.034,1.519,79.6,4.294,0.8189,267.0,213.9,7.1,6.2,38.2,33.4,91.5,107.2,9.5,41.7,3.5,112.9,21.4,74.0,96,92,16.31,4.028,5.448,20,0,113.6,110.1,136.0,102.5,10.1,11.2,70.0,30.0,100,70.0,53.0,56,47.0,55.44,70.52,63.16,59.87,46.15,65.84,38.29,Normal
48.85,49.0,45.27,45.1,85.21,84.9,88.89,88.7,87.55,58.12,48.74,48.98,41.23,14.97,329.5,-303.2,32.07,31.12,2.113,1.161,45.35,2.486,1.414,268.7,215.2,4.3,2.0,41.0,36.1,90.7,105.7,4.6,44.8,3.8,140.0,48.7,69.4,52,50,13.14,9.063,9.553,20,0,119.2,113.3,139.0,101.6,3.8,3.7,30.0,0.0,100,5.0,49.0,56,20.0,55.93,80.43,50.1,49.71,14.67,50.72,243.3,Normal
53.47,53.6,50.68,50.3,75.17,75.4,78.24,78.3,76.66,59.18,53.29,53.64,34.04,17.56,193.9,-177.4,24.97,23.29,3.199,1.52,36.72,2.391,1.47,266.2,214.1,6.5,2.4,43.8,39.0,80.4,87.9,3.6,49.8,6.2,141.0,60.6,48.7,43,41,4.826,4.032,10.74,20,0,116.2,111.3,135.0,95.0,2.9,3.3,45.0,0.0,100,10.0,47.0,56,29.5,55.52,69.58,54.89,54.38,29.99,76.77,234.2,Normal
43.89,43.8,40.36,40.2,80.09,80.0,83.81,83.7,82.6,54.1,43.83,44.02,41.94,13.68,320.9,-292.6,31.75,31.17,1.749,1.163,43.28,2.58,1.363,270.3,215.5,1.9,1.5,38.2,33.4,85.2,95.8,4.0,40.1,2.1,130.9,45.7,62.9,50,48,7.479,5.072,9.8,20,0,114.9,110.7,135.0,101.7,3.7,3.6,20.0,0.0,100,8.0,49.0,56,21.0,56.47,75.64,44.37,44.43,17.12,41.98,244.0,Normal
